{
  "type": "FeatureCollection",
  "features": [
    {
      "type": "Feature",
      "geometry": {
        "type": "Point",
        "coordinates": [
          16.3785491,
          48.1840844
        ]
      },
      "properties": {
        "id": "hbf-curb-99f6e5",
        "name": "Hbf Curb",
        "status": "active",
        "photos": [
          "spots/vienna/hbf-curb-99f6e5-9f98eefd.webp",
          "spots/vienna/hbf-curb-99f6e5-3665623e.webp"
        ]
      }
    },
    {
      "type": "Feature",
      "geometry": {
        "type": "Point",
        "coordinates": [
          16.3666409,
          48.2155621
        ]
      },
      "properties": {
        "id": "boerse-curb-af97e8",
        "name": "Börse Curb",
        "status": "active",
        "photos": [
          "spots/vienna/boerse-curb-af97e8-7c6cdc76.webp"
        ]
      }
    },
    {
      "type": "Feature",
      "geometry": {
        "type": "Point",
        "coordinates": [
          16.4072925,
          48.2302252
        ]
      },
      "properties": {
        "id": "donauinsel-stairs-bebe58",
        "name": "Donauinsel Stairs",
        "status": "active",
        "photos": [
          "spots/vienna/donauinsel-stairs-bebe58-41eac855.webp",
          "spots/vienna/donauinsel-stairs-bebe58-07a32350.webp"
        ]
      }
    },
    {
      "type": "Feature",
      "geometry": {
        "type": "Point",
        "coordinates": [
          16.4109644,
          48.1892973
        ]
      },
      "properties": {
        "id": "rough-bank-spot-c5efbe",
        "name": "rough Bank Spot",
        "status": "active",
        "photos": [
          "spots/vienna/rough-bank-spot-c5efbe-86715522.webp",
          "spots/vienna/rough-bank-spot-c5efbe-bbe13e9d.webp",
          "spots/vienna/rough-bank-spot-c5efbe-020420e2.webp"
        ]
      }
    },
    {
      "type": "Feature",
      "geometry": {
        "type": "Point",
        "coordinates": [
          16.3539997,
          48.2179194
        ]
      },
      "properties": {
        "id": "akh-gap-a69bb1",
        "name": "AKH Gap",
        "status": "active",
        "photos": [
          "spots/vienna/akh-gap-a69bb1-32015587.webp"
        ]
      }
    },
    {
      "type": "Feature",
      "geometry": {
        "type": "Point",
        "coordinates": [
          16.4112434,
          48.1920778
        ]
      },
      "properties": {
        "id": "erdberg-curbs-9f943e",
        "name": "Erdberg Curbs",
        "status": "active",
        "photos": [
          "spots/vienna/erdberg-curbs-9f943e-8d5b89c4.webp"
        ]
      }
    },
    {
      "type": "Feature",
      "geometry": {
        "type": "Point",
        "coordinates": [
          16.3600025,
          48.1887367
        ]
      },
      "properties": {
        "id": "dr-fuxl-curb-d895a1",
        "name": "Dr. Fuxl Curb",
        "status": "active",
        "photos": [
          "spots/vienna/dr-fuxl-curb-d895a1-04d0885b.webp"
        ]
      }
    },
    {
      "type": "Feature",
      "geometry": {
        "type": "Point",
        "coordinates": [
          16.3341808,
          48.2212041
        ]
      },
      "properties": {
        "id": "dornerplaza-9a90e5",
        "name": "Dornerplaza",
        "status": "active",
        "photos": [
          "spots/vienna/dornerplaza-9a90e5-9869b02b.webp",
          "spots/vienna/dornerplaza-9a90e5-f43af8e2.webp",
          "spots/vienna/dornerplaza-9a90e5-89ee6417.webp",
          "spots/vienna/dornerplaza-9a90e5-b60fe7c8.webp",
          "spots/vienna/dornerplaza-9a90e5-8676b979.webp"
        ]
      }
    },
    {
      "type": "Feature",
      "geometry": {
        "type": "Point",
        "coordinates": [
          16.3493165,
          48.2334546
        ]
      },
      "properties": {
        "id": "waehringer-stairs-ledge-4f1959",
        "name": "Währinger Stairs + Ledge",
        "status": "active",
        "photos": [
          "spots/vienna/waehringer-stairs-ledge-4f1959-e7dd9026.webp",
          "spots/vienna/waehringer-stairs-ledge-4f1959-998db66a.webp"
        ]
      }
    },
    {
      "type": "Feature",
      "geometry": {
        "type": "Point",
        "coordinates": [
          16.3782388,
          48.2067539
        ]
      },
      "properties": {
        "id": "stubentor-47c251",
        "name": "Stubentor",
        "status": "active",
        "photos": [
          "spots/vienna/stubentor-47c251-174c520e.webp"
        ]
      }
    },
    {
      "type": "Feature",
      "geometry": {
        "type": "Point",
        "coordinates": [
          16.3863659,
          48.2110921
        ]
      },
      "properties": {
        "id": "urania-a8f271",
        "name": "Urania",
        "status": "active",
        "photos": [
          "spots/vienna/urania-a8f271-cc2706bf.webp"
        ]
      }
    },
    {
      "type": "Feature",
      "geometry": {
        "type": "Point",
        "coordinates": [
          16.3500124,
          48.1859038
        ]
      },
      "properties": {
        "id": "einsiedlerpark-79bd66",
        "name": "Einsiedlerpark",
        "status": "active",
        "photos": [
          "spots/vienna/einsiedlerpark-79bd66-e6660456.webp",
          "spots/vienna/einsiedlerpark-79bd66-81b3d824.webp",
          "spots/vienna/einsiedlerpark-79bd66-94476688.webp"
        ]
      }
    },
    {
      "type": "Feature",
      "geometry": {
        "type": "Point",
        "coordinates": [
          16.3780189,
          48.2142932
        ]
      },
      "properties": {
        "id": "red-curb-24e379",
        "name": "Red Curb",
        "status": "active",
        "photos": [
          "spots/vienna/red-curb-24e379-52c90b25.webp"
        ]
      }
    },
    {
      "type": "Feature",
      "geometry": {
        "type": "Point",
        "coordinates": [
          16.4032853,
          48.2176916
        ]
      },
      "properties": {
        "id": "messecurbs-716264",
        "name": "Messecurbs",
        "status": "active",
        "photos": [
          "spots/vienna/messecurbs-716264-7de42f66.webp"
        ]
      }
    },
    {
      "type": "Feature",
      "geometry": {
        "type": "Point",
        "coordinates": [
          16.3538495,
          48.1978654
        ]
      },
      "properties": {
        "id": "haus-des-meeres-8er-stairs-72ba9d",
        "name": "Haus des Meeres 8er Stairs",
        "status": "active",
        "photos": [
          "spots/vienna/haus-des-meeres-8er-stairs-72ba9d-d31e290e.webp"
        ]
      }
    },
    {
      "type": "Feature",
      "geometry": {
        "type": "Point",
        "coordinates": [
          16.3971484,
          48.257545
        ]
      },
      "properties": {
        "id": "curbs-777aee",
        "name": "Curbs",
        "status": "active",
        "photos": [
          "spots/vienna/curbs-777aee-62de306e.webp"
        ]
      }
    },
    {
      "type": "Feature",
      "geometry": {
        "type": "Point",
        "coordinates": [
          16.3642967,
          48.2058601
        ]
      },
      "properties": {
        "id": "heldenplatz-8c463c",
        "name": "Heldenplatz",
        "status": "active",
        "photos": [
          "spots/vienna/heldenplatz-8c463c-cc420ee6.webp",
          "spots/vienna/heldenplatz-8c463c-af1353ca.webp",
          "spots/vienna/heldenplatz-8c463c-7b72e873.webp",
          "spots/vienna/heldenplatz-8c463c-92727795.webp",
          "spots/vienna/heldenplatz-8c463c-f35885cb.webp"
        ]
      }
    },
    {
      "type": "Feature",
      "geometry": {
        "type": "Point",
        "coordinates": [
          16.355609,
          48.1841964
        ]
      },
      "properties": {
        "id": "red-metal-curbs-be2bba",
        "name": "Red Metal Curbs",
        "status": "active",
        "photos": [
          "spots/vienna/red-metal-curbs-be2bba-a0f902fe.webp",
          "spots/vienna/red-metal-curbs-be2bba-951542c7.webp"
        ]
      }
    },
    {
      "type": "Feature",
      "geometry": {
        "type": "Point",
        "coordinates": [
          16.3194957,
          48.1977403
        ]
      },
      "properties": {
        "id": "meiselmarktledge-f580f8",
        "name": "Meiselmarktledge",
        "status": "active",
        "photos": [
          "spots/vienna/meiselmarktledge-f580f8-8bce7bbc.webp"
        ]
      }
    },
    {
      "type": "Feature",
      "geometry": {
        "type": "Point",
        "coordinates": [
          16.5009606,
          48.2230805
        ]
      },
      "properties": {
        "id": "seestadt-kindergarten-curbs-0a8bed",
        "name": "Seestadt Kindergarten Curbs",
        "status": "active",
        "photos": [
          "spots/vienna/seestadt-kindergarten-curbs-0a8bed-58ca960d.webp",
          "spots/vienna/seestadt-kindergarten-curbs-0a8bed-60ade93c.webp"
        ]
      }
    },
    {
      "type": "Feature",
      "geometry": {
        "type": "Point",
        "coordinates": [
          16.5034577,
          48.2224211
        ]
      },
      "properties": {
        "id": "seestadt-blocks-f6e443",
        "name": "Seestadt Blocks",
        "status": "active",
        "photos": [
          "spots/vienna/seestadt-blocks-f6e443-e9a23678.webp"
        ]
      }
    },
    {
      "type": "Feature",
      "geometry": {
        "type": "Point",
        "coordinates": [
          16.3426673,
          48.2076351
        ]
      },
      "properties": {
        "id": "kirchencurbs-00419b",
        "name": "Kirchencurbs",
        "status": "active",
        "photos": [
          "spots/vienna/kirchencurbs-00419b-4939c68f.webp"
        ]
      }
    },
    {
      "type": "Feature",
      "geometry": {
        "type": "Point",
        "coordinates": [
          16.3527008,
          48.2290888
        ]
      },
      "properties": {
        "id": "7er-handrail-728cb8",
        "name": "7er Handrail",
        "status": "active",
        "photos": [
          "spots/vienna/7er-handrail-728cb8-765d8d10.webp",
          "spots/vienna/7er-handrail-728cb8-afffdd72.webp",
          "spots/vienna/7er-handrail-728cb8-4a672508.webp"
        ]
      }
    },
    {
      "type": "Feature",
      "geometry": {
        "type": "Point",
        "coordinates": [
          16.3589215,
          48.229917
        ]
      },
      "properties": {
        "id": "wu-garage-08f946",
        "name": "WU Garage",
        "status": "active",
        "photos": [
          "spots/vienna/wu-garage-08f946-361ebd3a.webp",
          "spots/vienna/wu-garage-08f946-75b0df8b.webp"
        ]
      }
    },
    {
      "type": "Feature",
      "geometry": {
        "type": "Point",
        "coordinates": [
          16.3539353,
          48.195163
        ]
      },
      "properties": {
        "id": "crusty-bank-spot-ab0206",
        "name": "Crusty Bank Spot",
        "status": "active",
        "photos": [
          "spots/vienna/crusty-bank-spot-ab0206-ed9c3445.webp",
          "spots/vienna/crusty-bank-spot-ab0206-4fc02b7d.webp"
        ]
      }
    },
    {
      "type": "Feature",
      "geometry": {
        "type": "Point",
        "coordinates": [
          16.4001216,
          48.1491349
        ]
      },
      "properties": {
        "id": "oberlaa-banks-744490",
        "name": "Oberlaa Banks",
        "status": "active",
        "photos": [
          "spots/vienna/oberlaa-banks-744490-7afe7f83.webp"
        ]
      }
    },
    {
      "type": "Feature",
      "geometry": {
        "type": "Point",
        "coordinates": [
          16.3719571,
          48.2170884
        ]
      },
      "properties": {
        "id": "flex-ledge-5a8d83",
        "name": "Flex Ledge",
        "status": "active",
        "photos": [
          "spots/vienna/flex-ledge-5a8d83-6feb070e.webp"
        ]
      }
    },
    {
      "type": "Feature",
      "geometry": {
        "type": "Point",
        "coordinates": [
          16.3817257,
          48.2099856
        ]
      },
      "properties": {
        "id": "koch-platz-c6748b",
        "name": "Koch-Platz",
        "status": "active",
        "photos": [
          "spots/vienna/koch-platz-c6748b-f042f65a.webp",
          "spots/vienna/koch-platz-c6748b-b5951b25.webp",
          "spots/vienna/koch-platz-c6748b-7826f1a9.webp"
        ]
      }
    },
    {
      "type": "Feature",
      "geometry": {
        "type": "Point",
        "coordinates": [
          16.3198632,
          48.1836125
        ]
      },
      "properties": {
        "id": "woodbench-kicker-872790",
        "name": "Woodbench Kicker",
        "status": "active",
        "photos": [
          "spots/vienna/woodbench-kicker-872790-5998f78f.webp",
          "spots/vienna/woodbench-kicker-872790-2cac913a.webp"
        ]
      }
    },
    {
      "type": "Feature",
      "geometry": {
        "type": "Point",
        "coordinates": [
          16.3191363,
          48.2102833
        ]
      },
      "properties": {
        "id": "schuhmeierplatz-f4be7a",
        "name": "Schuhmeierplatz",
        "status": "active",
        "photos": [
          "spots/vienna/schuhmeierplatz-f4be7a-3f3a39da.webp",
          "spots/vienna/schuhmeierplatz-f4be7a-34fc0cd7.webp",
          "spots/vienna/schuhmeierplatz-f4be7a-63d29ebe.webp",
          "spots/vienna/schuhmeierplatz-f4be7a-f875cc60.webp"
        ]
      }
    },
    {
      "type": "Feature",
      "geometry": {
        "type": "Point",
        "coordinates": [
          16.3733009,
          48.1985243
        ]
      },
      "properties": {
        "id": "karlsplatz-10er-stair-a36f10",
        "name": "Karlsplatz 10er Stair",
        "status": "active",
        "photos": [
          "spots/vienna/karlsplatz-10er-stair-a36f10-e8d245b0.webp",
          "spots/vienna/karlsplatz-10er-stair-a36f10-b4c85673.webp"
        ]
      }
    },
    {
      "type": "Feature",
      "geometry": {
        "type": "Point",
        "coordinates": [
          16.3787967,
          48.2026218
        ]
      },
      "properties": {
        "id": "stadtpark-4a47df",
        "name": "Stadtpark",
        "status": "active",
        "photos": [
          "spots/vienna/stadtpark-4a47df-e1e46cd8.webp",
          "spots/vienna/stadtpark-4a47df-c1e0dc8b.webp"
        ]
      }
    },
    {
      "type": "Feature",
      "geometry": {
        "type": "Point",
        "coordinates": [
          16.3571137,
          48.2324201
        ]
      },
      "properties": {
        "id": "tu-spittelau-055b94",
        "name": "TU Spittelau",
        "status": "active",
        "photos": [
          "spots/vienna/tu-spittelau-055b94-9b9957d8.webp",
          "spots/vienna/tu-spittelau-055b94-39838766.webp",
          "spots/vienna/tu-spittelau-055b94-b032a0e6.webp",
          "spots/vienna/tu-spittelau-055b94-c4c46fdc.webp",
          "spots/vienna/tu-spittelau-055b94-9ab9334e.webp"
        ]
      }
    },
    {
      "type": "Feature",
      "geometry": {
        "type": "Point",
        "coordinates": [
          16.3408971,
          48.1802985
        ]
      },
      "properties": {
        "id": "meidling-stufen-gap-a9ab98",
        "name": "Meidling Stufen Gap",
        "status": "active",
        "photos": [
          "spots/vienna/meidling-stufen-gap-a9ab98-242de1c1.webp",
          "spots/vienna/meidling-stufen-gap-a9ab98-1a3d017b.webp"
        ]
      }
    },
    {
      "type": "Feature",
      "geometry": {
        "type": "Point",
        "coordinates": [
          16.4037184,
          48.1424254
        ]
      },
      "properties": {
        "id": "oberlaa-ledge-8cea21",
        "name": "Oberlaa Ledge",
        "status": "active",
        "photos": [
          "spots/vienna/oberlaa-ledge-8cea21-d46ab709.webp"
        ]
      }
    },
    {
      "type": "Feature",
      "geometry": {
        "type": "Point",
        "coordinates": [
          16.3240394,
          48.1970332
        ]
      },
      "properties": {
        "id": "meiselmarkts-lil-brotha-5b762f",
        "name": "Meiselmarkts Lil Brotha",
        "status": "active",
        "photos": [
          "spots/vienna/meiselmarkts-lil-brotha-5b762f-7d12a6d5.webp",
          "spots/vienna/meiselmarkts-lil-brotha-5b762f-d0002ac8.webp",
          "spots/vienna/meiselmarkts-lil-brotha-5b762f-bea894a2.webp",
          "spots/vienna/meiselmarkts-lil-brotha-5b762f-29aaf43a.webp",
          "spots/vienna/meiselmarkts-lil-brotha-5b762f-acfcb76a.webp",
          "spots/vienna/meiselmarkts-lil-brotha-5b762f-0487d640.webp"
        ]
      }
    },
    {
      "type": "Feature",
      "geometry": {
        "type": "Point",
        "coordinates": [
          16.3550685,
          48.2209433
        ]
      },
      "properties": {
        "id": "stufencurb-4aebcd",
        "name": "Stufencurb",
        "status": "active",
        "photos": [
          "spots/vienna/stufencurb-4aebcd-87ea3bf4.webp"
        ]
      }
    },
    {
      "type": "Feature",
      "geometry": {
        "type": "Point",
        "coordinates": [
          16.3370132,
          48.2036452
        ]
      },
      "properties": {
        "id": "burggasse-antispot-c399c5",
        "name": "Burggasse Antispot",
        "status": "active",
        "photos": [
          "spots/vienna/burggasse-antispot-c399c5-465631ca.webp",
          "spots/vienna/burggasse-antispot-c399c5-00ae050b.webp"
        ]
      }
    },
    {
      "type": "Feature",
      "geometry": {
        "type": "Point",
        "coordinates": [
          16.3151479,
          48.2063964
        ]
      },
      "properties": {
        "id": "rohrrauerpark-fa35ae",
        "name": "Rohrrauerpark",
        "status": "active",
        "photos": [
          "spots/vienna/rohrrauerpark-fa35ae-4638ac12.webp",
          "spots/vienna/rohrrauerpark-fa35ae-7f8660d7.webp",
          "spots/vienna/rohrrauerpark-fa35ae-4ebc1d71.webp",
          "spots/vienna/rohrrauerpark-fa35ae-38763689.webp",
          "spots/vienna/rohrrauerpark-fa35ae-25789c3e.webp"
        ]
      }
    },
    {
      "type": "Feature",
      "geometry": {
        "type": "Point",
        "coordinates": [
          16.3384992,
          48.188017
        ]
      },
      "properties": {
        "id": "burger-king-gap-d63bbe",
        "name": "Burger King Gap",
        "status": "active",
        "photos": [
          "spots/vienna/burger-king-gap-d63bbe-ab33cc27.webp",
          "spots/vienna/burger-king-gap-d63bbe-c23524be.webp"
        ]
      }
    },
    {
      "type": "Feature",
      "geometry": {
        "type": "Point",
        "coordinates": [
          16.3495633,
          48.228266
        ]
      },
      "properties": {
        "id": "wifi-wallride-9f99a5",
        "name": "Wifi Wallride",
        "status": "active",
        "photos": [
          "spots/vienna/wifi-wallride-9f99a5-1fac9045.webp"
        ]
      }
    },
    {
      "type": "Feature",
      "geometry": {
        "type": "Point",
        "coordinates": [
          16.4103314,
          48.2316956
        ]
      },
      "properties": {
        "id": "copa-beach-big-wave-28e438",
        "name": "Copa Beach Big Wave",
        "status": "active",
        "photos": [
          "spots/vienna/copa-beach-big-wave-28e438-51f0978b.webp"
        ]
      }
    },
    {
      "type": "Feature",
      "geometry": {
        "type": "Point",
        "coordinates": [
          16.4116082,
          48.2329758
        ]
      },
      "properties": {
        "id": "donauzentrum-curbs-65a65c",
        "name": "Donauzentrum Curbs",
        "status": "active",
        "photos": [
          "spots/vienna/donauzentrum-curbs-65a65c-0a8fce24.webp"
        ]
      }
    },
    {
      "type": "Feature",
      "geometry": {
        "type": "Point",
        "coordinates": [
          16.4034408,
          48.186624
        ]
      },
      "properties": {
        "id": "t-mobile-stairs-gaps-5060bc",
        "name": "T-Mobile Stairs/ Gaps",
        "status": "active",
        "photos": [
          "spots/vienna/t-mobile-stairs-gaps-5060bc-ec889954.webp",
          "spots/vienna/t-mobile-stairs-gaps-5060bc-ff930985.webp",
          "spots/vienna/t-mobile-stairs-gaps-5060bc-e0b0e491.webp"
        ]
      }
    },
    {
      "type": "Feature",
      "geometry": {
        "type": "Point",
        "coordinates": [
          16.3759455,
          48.198661
        ]
      },
      "properties": {
        "id": "schwarzenbergplatz-25ed58",
        "name": "Schwarzenbergplatz",
        "status": "active",
        "photos": [
          "spots/vienna/schwarzenbergplatz-25ed58-cdad9c31.webp",
          "spots/vienna/schwarzenbergplatz-25ed58-6a4a1774.webp",
          "spots/vienna/schwarzenbergplatz-25ed58-29113382.webp"
        ]
      }
    },
    {
      "type": "Feature",
      "geometry": {
        "type": "Point",
        "coordinates": [
          16.3992164,
          48.1886044
        ]
      },
      "properties": {
        "id": "st-marx-10-stair-5cb9b4",
        "name": "St. Marx 10 Stair",
        "status": "active",
        "photos": [
          "spots/vienna/st-marx-10-stair-5cb9b4-83252858.webp",
          "spots/vienna/st-marx-10-stair-5cb9b4-f5775a98.webp"
        ]
      }
    },
    {
      "type": "Feature",
      "geometry": {
        "type": "Point",
        "coordinates": [
          16.3972087,
          48.1889728
        ]
      },
      "properties": {
        "id": "st-marx-downhill-curbs-86d388",
        "name": "St. Marx Downhill Curbs",
        "status": "active",
        "photos": [
          "spots/vienna/st-marx-downhill-curbs-86d388-942faacc.webp"
        ]
      }
    },
    {
      "type": "Feature",
      "geometry": {
        "type": "Point",
        "coordinates": [
          16.3350834,
          48.1916362
        ]
      },
      "properties": {
        "id": "gumpendorfer-6-stair-4e2169",
        "name": "Gumpendorfer 6 Stair",
        "status": "active",
        "photos": [
          "spots/vienna/gumpendorfer-6-stair-4e2169-335ad9b9.webp"
        ]
      }
    },
    {
      "type": "Feature",
      "geometry": {
        "type": "Point",
        "coordinates": [
          16.3319522,
          48.2041612
        ]
      },
      "properties": {
        "id": "stadthalle-low-to-high-ledge-ef9369",
        "name": "Stadthalle Low to high Ledge",
        "status": "active",
        "photos": [
          "spots/vienna/stadthalle-low-to-high-ledge-ef9369-0c1df2a6.webp"
        ]
      }
    },
    {
      "type": "Feature",
      "geometry": {
        "type": "Point",
        "coordinates": [
          16.3341378,
          48.2000371
        ]
      },
      "properties": {
        "id": "lutz-7-stair-dbaf8a",
        "name": "Lutz 7 Stair",
        "status": "active",
        "photos": [
          "spots/vienna/lutz-7-stair-dbaf8a-cc48a8e6.webp"
        ]
      }
    },
    {
      "type": "Feature",
      "geometry": {
        "type": "Point",
        "coordinates": [
          16.3291689,
          48.2163615
        ]
      },
      "properties": {
        "id": "merkur-curbs-96c151",
        "name": "Merkur Curbs",
        "status": "active",
        "photos": [
          "spots/vienna/merkur-curbs-96c151-dd49879a.webp"
        ]
      }
    },
    {
      "type": "Feature",
      "geometry": {
        "type": "Point",
        "coordinates": [
          16.3748816,
          48.1921461
        ]
      },
      "properties": {
        "id": "antispot-2-slappy-curb-7c3afa",
        "name": "Antispot 2 \"Slappy Curb\"",
        "status": "active",
        "photos": [
          "spots/vienna/antispot-2-slappy-curb-7c3afa-ed80bc89.webp",
          "spots/vienna/antispot-2-slappy-curb-7c3afa-09cf1737.webp",
          "spots/vienna/antispot-2-slappy-curb-7c3afa-17d34c35.webp"
        ]
      }
    },
    {
      "type": "Feature",
      "geometry": {
        "type": "Point",
        "coordinates": [
          16.3731969,
          48.1865756
        ]
      },
      "properties": {
        "id": "hbf-suedtiroler-platz-curbs-a61a6d",
        "name": "Hbf Südtiroler Platz Curbs",
        "status": "active",
        "photos": [
          "spots/vienna/hbf-suedtiroler-platz-curbs-a61a6d-54f5e8a4.webp",
          "spots/vienna/hbf-suedtiroler-platz-curbs-a61a6d-6f79f070.webp",
          "spots/vienna/hbf-suedtiroler-platz-curbs-a61a6d-f7f60c97.webp",
          "spots/vienna/hbf-suedtiroler-platz-curbs-a61a6d-a33e555d.webp"
        ]
      }
    },
    {
      "type": "Feature",
      "geometry": {
        "type": "Point",
        "coordinates": [
          16.3774614,
          48.1868013
        ]
      },
      "properties": {
        "id": "hbf-stairs-banks-c7cf23",
        "name": "Hbf Stairs/Banks",
        "status": "active",
        "photos": [
          "spots/vienna/hbf-stairs-banks-c7cf23-d872b14f.webp",
          "spots/vienna/hbf-stairs-banks-c7cf23-b13c991c.webp",
          "spots/vienna/hbf-stairs-banks-c7cf23-195fc9a3.webp"
        ]
      }
    },
    {
      "type": "Feature",
      "geometry": {
        "type": "Point",
        "coordinates": [
          16.4116995,
          48.2305012
        ]
      },
      "properties": {
        "id": "donauinsel-copa-cagrana-banks-27fbb4",
        "name": "Donauinsel Copa Cagrana Banks",
        "status": "active",
        "photos": [
          "spots/vienna/donauinsel-copa-cagrana-banks-27fbb4-2af39d07.webp"
        ]
      }
    },
    {
      "type": "Feature",
      "geometry": {
        "type": "Point",
        "coordinates": [
          16.3552472,
          48.1807698
        ]
      },
      "properties": {
        "id": "matzleinsdorfer-platz-9-stair-ae33f5",
        "name": "Matzleinsdorfer Platz 9 Stair",
        "status": "active",
        "photos": [
          "spots/vienna/matzleinsdorfer-platz-9-stair-ae33f5-c17895d9.webp"
        ]
      }
    },
    {
      "type": "Feature",
      "geometry": {
        "type": "Point",
        "coordinates": [
          16.3987362,
          48.2302326
        ]
      },
      "properties": {
        "id": "handelskai-8-stair-b2d96f",
        "name": "Handelskai 8 Stair",
        "status": "active",
        "photos": [
          "spots/vienna/handelskai-8-stair-b2d96f-81e1e96b.webp"
        ]
      }
    },
    {
      "type": "Feature",
      "geometry": {
        "type": "Point",
        "coordinates": [
          16.3832772,
          48.2130255
        ]
      },
      "properties": {
        "id": "uniqa-8-stair-d7740d",
        "name": "Uniqa 8 Stair",
        "status": "active",
        "photos": [
          "spots/vienna/uniqa-8-stair-d7740d-dba31d10.webp",
          "spots/vienna/uniqa-8-stair-d7740d-37b4a4e4.webp"
        ]
      }
    },
    {
      "type": "Feature",
      "geometry": {
        "type": "Point",
        "coordinates": [
          16.3299095,
          48.1814976
        ]
      },
      "properties": {
        "id": "meidlinger-brunnen-cb87e1",
        "name": "Meidlinger Brunnen",
        "status": "active",
        "photos": [
          "spots/vienna/meidlinger-brunnen-cb87e1-d7a9a21f.webp",
          "spots/vienna/meidlinger-brunnen-cb87e1-54895cb1.webp"
        ]
      }
    },
    {
      "type": "Feature",
      "geometry": {
        "type": "Point",
        "coordinates": [
          16.3408928,
          48.1809161
        ]
      },
      "properties": {
        "id": "13-stair-d676ac",
        "name": "13 Stair",
        "status": "active",
        "photos": [
          "spots/vienna/13-stair-d676ac-41ff3629.webp",
          "spots/vienna/13-stair-d676ac-d70e2603.webp",
          "spots/vienna/13-stair-d676ac-1be970df.webp"
        ]
      }
    },
    {
      "type": "Feature",
      "geometry": {
        "type": "Point",
        "coordinates": [
          16.3813716,
          48.2042834
        ]
      },
      "properties": {
        "id": "10-stair-0fc1a2",
        "name": "10 Stair",
        "status": "active",
        "photos": [
          "spots/vienna/10-stair-0fc1a2-057bb1b6.webp",
          "spots/vienna/10-stair-0fc1a2-a42c870f.webp"
        ]
      }
    },
    {
      "type": "Feature",
      "geometry": {
        "type": "Point",
        "coordinates": [
          16.331088,
          48.2184219
        ]
      },
      "properties": {
        "id": "elterleinplatz-59f5a3",
        "name": "Elterleinplatz",
        "status": "active",
        "photos": [
          "spots/vienna/elterleinplatz-59f5a3-e192aba2.webp"
        ]
      }
    },
    {
      "type": "Feature",
      "geometry": {
        "type": "Point",
        "coordinates": [
          16.339244,
          48.2254979
        ]
      },
      "properties": {
        "id": "schubertpark-d67691",
        "name": "Schubertpark",
        "status": "active",
        "photos": [
          "spots/vienna/schubertpark-d67691-3c0682f0.webp",
          "spots/vienna/schubertpark-d67691-42447394.webp",
          "spots/vienna/schubertpark-d67691-5744bc64.webp",
          "spots/vienna/schubertpark-d67691-bd9c1861.webp",
          "spots/vienna/schubertpark-d67691-070c82ae.webp"
        ]
      }
    },
    {
      "type": "Feature",
      "geometry": {
        "type": "Point",
        "coordinates": [
          16.3603658,
          48.1863215
        ]
      },
      "properties": {
        "id": "deathdrop-7f1ea0",
        "name": "Deathdrop",
        "status": "active",
        "photos": [
          "spots/vienna/deathdrop-7f1ea0-fb637a03.webp"
        ]
      }
    },
    {
      "type": "Feature",
      "geometry": {
        "type": "Point",
        "coordinates": [
          16.4095881,
          48.2140997
        ]
      },
      "properties": {
        "id": "wu-quater-6e1f0f",
        "name": "WU quater",
        "status": "active",
        "photos": [
          "spots/vienna/wu-quater-6e1f0f-4a699b03.webp"
        ]
      }
    },
    {
      "type": "Feature",
      "geometry": {
        "type": "Point",
        "coordinates": [
          16.3580083,
          48.1870032
        ]
      },
      "properties": {
        "id": "street-bump-d4be0b",
        "name": "Street Bump",
        "status": "active",
        "photos": [
          "spots/vienna/street-bump-d4be0b-9de3f285.webp",
          "spots/vienna/street-bump-d4be0b-eecd5d16.webp",
          "spots/vienna/street-bump-d4be0b-44c0ba78.webp"
        ]
      }
    },
    {
      "type": "Feature",
      "geometry": {
        "type": "Point",
        "coordinates": [
          16.3801124,
          48.1823881
        ]
      },
      "properties": {
        "id": "mini-3-blocks-9c5bb3",
        "name": "Mini 3 Blocks",
        "status": "active",
        "photos": [
          "spots/vienna/mini-3-blocks-9c5bb3-47f4dfb7.webp",
          "spots/vienna/mini-3-blocks-9c5bb3-1dff3fea.webp"
        ]
      }
    },
    {
      "type": "Feature",
      "geometry": {
        "type": "Point",
        "coordinates": [
          16.3769194,
          48.1828688
        ]
      },
      "properties": {
        "id": "low-to-high-ledge-96fa50",
        "name": "Low to High Ledge",
        "status": "active",
        "photos": [
          "spots/vienna/low-to-high-ledge-96fa50-80d73a9e.webp",
          "spots/vienna/low-to-high-ledge-96fa50-48ca1ff8.webp"
        ]
      }
    },
    {
      "type": "Feature",
      "geometry": {
        "type": "Point",
        "coordinates": [
          16.3783522,
          48.1816227
        ]
      },
      "properties": {
        "id": "antispot-bank-fd1e0c",
        "name": "Antispot Bank",
        "status": "active",
        "photos": [
          "spots/vienna/antispot-bank-fd1e0c-4c6d0d9f.webp",
          "spots/vienna/antispot-bank-fd1e0c-6c5a9058.webp",
          "spots/vienna/antispot-bank-fd1e0c-81337670.webp",
          "spots/vienna/antispot-bank-fd1e0c-9d016c28.webp"
        ]
      }
    },
    {
      "type": "Feature",
      "geometry": {
        "type": "Point",
        "coordinates": [
          16.3809525,
          48.1811056
        ]
      },
      "properties": {
        "id": "9-stair-efb79c",
        "name": "9 Stair",
        "status": "active",
        "photos": [
          "spots/vienna/9-stair-efb79c-1ffec889.webp",
          "spots/vienna/9-stair-efb79c-8ca18e53.webp"
        ]
      }
    },
    {
      "type": "Feature",
      "geometry": {
        "type": "Point",
        "coordinates": [
          16.3828009,
          48.1792191
        ]
      },
      "properties": {
        "id": "helmut-zilk-park-a9e2d9",
        "name": "Helmut Zilk Park",
        "status": "active",
        "photos": [
          "spots/vienna/helmut-zilk-park-a9e2d9-c9d9ef9f.webp",
          "spots/vienna/helmut-zilk-park-a9e2d9-31cb4928.webp",
          "spots/vienna/helmut-zilk-park-a9e2d9-1d4373f5.webp",
          "spots/vienna/helmut-zilk-park-a9e2d9-73a34e59.webp",
          "spots/vienna/helmut-zilk-park-a9e2d9-1e82df9a.webp",
          "spots/vienna/helmut-zilk-park-a9e2d9-40303345.webp"
        ]
      }
    },
    {
      "type": "Feature",
      "geometry": {
        "type": "Point",
        "coordinates": [
          16.381736,
          48.1814601
        ]
      },
      "properties": {
        "id": "curbs-29ae0a",
        "name": "Curbs",
        "status": "active",
        "photos": [
          "spots/vienna/curbs-29ae0a-37721f0c.webp",
          "spots/vienna/curbs-29ae0a-c92132e9.webp"
        ]
      }
    },
    {
      "type": "Feature",
      "geometry": {
        "type": "Point",
        "coordinates": [
          16.339671,
          48.2076744
        ]
      },
      "properties": {
        "id": "josef-strauss-park-eb09f2",
        "name": "Josef Strauss Park",
        "status": "active",
        "photos": [
          "spots/vienna/josef-strauss-park-eb09f2-e8ea6427.webp",
          "spots/vienna/josef-strauss-park-eb09f2-d4fc46ba.webp"
        ]
      }
    },
    {
      "type": "Feature",
      "geometry": {
        "type": "Point",
        "coordinates": [
          16.3390132,
          48.2027282
        ]
      },
      "properties": {
        "id": "burggasse-curb-8dd312",
        "name": "Burggasse Curb",
        "status": "active",
        "photos": [
          "spots/vienna/burggasse-curb-8dd312-982a0793.webp"
        ]
      }
    },
    {
      "type": "Feature",
      "geometry": {
        "type": "Point",
        "coordinates": [
          16.3684691,
          48.2043386
        ]
      },
      "properties": {
        "id": "albertina-235309",
        "name": "Albertina",
        "status": "active",
        "photos": [
          "spots/vienna/albertina-235309-8f520405.webp"
        ]
      }
    },
    {
      "type": "Feature",
      "geometry": {
        "type": "Point",
        "coordinates": [
          16.3597275,
          48.2151603
        ]
      },
      "properties": {
        "id": "votivkirche-ebf5b8",
        "name": "Votivkirche",
        "status": "active",
        "photos": [
          "spots/vienna/votivkirche-ebf5b8-888ef0bc.webp",
          "spots/vienna/votivkirche-ebf5b8-e6f3c673.webp"
        ]
      }
    },
    {
      "type": "Feature",
      "geometry": {
        "type": "Point",
        "coordinates": [
          16.3338724,
          48.2055079
        ]
      },
      "properties": {
        "id": "sants-curb-2e5f50",
        "name": "Sants Curb",
        "status": "active",
        "photos": [
          "spots/vienna/sants-curb-2e5f50-60f1017a.webp"
        ]
      }
    },
    {
      "type": "Feature",
      "geometry": {
        "type": "Point",
        "coordinates": [
          16.4184827,
          48.1755969
        ]
      },
      "properties": {
        "id": "enkplatz-curb-mit-gap-2489da",
        "name": "Enkplatz Curb mit Gap",
        "status": "active",
        "photos": [
          "spots/vienna/enkplatz-curb-mit-gap-2489da-a6a7a0a1.webp",
          "spots/vienna/enkplatz-curb-mit-gap-2489da-8d5c1bbf.webp"
        ]
      }
    },
    {
      "type": "Feature",
      "geometry": {
        "type": "Point",
        "coordinates": [
          16.4414476,
          48.1551822
        ]
      },
      "properties": {
        "id": "zentralfriedhof-40c1a1",
        "name": "Zentralfriedhof",
        "status": "active",
        "photos": [
          "spots/vienna/zentralfriedhof-40c1a1-1515f8dd.webp",
          "spots/vienna/zentralfriedhof-40c1a1-fde71e85.webp"
        ]
      }
    },
    {
      "type": "Feature",
      "geometry": {
        "type": "Point",
        "coordinates": [
          16.4510421,
          48.1540589
        ]
      },
      "properties": {
        "id": "7-stair-4782a3",
        "name": "7 Stair",
        "status": "active",
        "photos": [
          "spots/vienna/7-stair-4782a3-8fc6da05.webp",
          "spots/vienna/7-stair-4782a3-3d4a0dbb.webp"
        ]
      }
    },
    {
      "type": "Feature",
      "geometry": {
        "type": "Point",
        "coordinates": [
          16.4506891,
          48.1547954
        ]
      },
      "properties": {
        "id": "curbs-8d5a6f",
        "name": "Curbs",
        "status": "active",
        "photos": [
          "spots/vienna/curbs-8d5a6f-9a72237b.webp",
          "spots/vienna/curbs-8d5a6f-d4dfb387.webp"
        ]
      }
    },
    {
      "type": "Feature",
      "geometry": {
        "type": "Point",
        "coordinates": [
          16.4509541,
          48.1551939
        ]
      },
      "properties": {
        "id": "wallride-eef4bc",
        "name": "Wallride",
        "status": "active",
        "photos": [
          "spots/vienna/wallride-eef4bc-c54813a0.webp"
        ]
      }
    },
    {
      "type": "Feature",
      "geometry": {
        "type": "Point",
        "coordinates": [
          16.3529588,
          48.1906385
        ]
      },
      "properties": {
        "id": "pilgramgasse-holzbaenke-76c7b5",
        "name": "Pilgramgasse Holzbänke",
        "status": "active",
        "photos": [
          "spots/vienna/pilgramgasse-holzbaenke-76c7b5-a88bc740.webp",
          "spots/vienna/pilgramgasse-holzbaenke-76c7b5-427cc404.webp"
        ]
      }
    },
    {
      "type": "Feature",
      "geometry": {
        "type": "Point",
        "coordinates": [
          16.412038,
          48.2156312
        ]
      },
      "properties": {
        "id": "barrier-c49bdf",
        "name": "Barrier",
        "status": "active",
        "photos": [
          "spots/vienna/barrier-c49bdf-50fb409c.webp"
        ]
      }
    },
    {
      "type": "Feature",
      "geometry": {
        "type": "Point",
        "coordinates": [
          16.4109785,
          48.2169323
        ]
      },
      "properties": {
        "id": "big-6-block-5386cc",
        "name": "Big 6 Block",
        "status": "active",
        "photos": [
          "spots/vienna/big-6-block-5386cc-f8c3f29a.webp",
          "spots/vienna/big-6-block-5386cc-63bf8110.webp",
          "spots/vienna/big-6-block-5386cc-608f4a55.webp",
          "spots/vienna/big-6-block-5386cc-1270e733.webp",
          "spots/vienna/big-6-block-5386cc-4020b10d.webp",
          "spots/vienna/big-6-block-5386cc-ef4044f9.webp",
          "spots/vienna/big-6-block-5386cc-fdcc2840.webp",
          "spots/vienna/big-6-block-5386cc-8a261e05.webp"
        ]
      }
    },
    {
      "type": "Feature",
      "geometry": {
        "type": "Point",
        "coordinates": [
          16.4090757,
          48.2325545
        ]
      },
      "properties": {
        "id": "copa-cagrana-manny-pads-891324",
        "name": "Copa Cagrana Manny Pads",
        "status": "active",
        "photos": [
          "spots/vienna/copa-cagrana-manny-pads-891324-eadd37b8.webp"
        ]
      }
    },
    {
      "type": "Feature",
      "geometry": {
        "type": "Point",
        "coordinates": [
          16.3514322,
          48.1822179
        ]
      },
      "properties": {
        "id": "fendigasse-9-stair-8001c4",
        "name": "Fendigasse 9 Stair",
        "status": "active",
        "photos": [
          "spots/vienna/fendigasse-9-stair-8001c4-2d11ae2c.webp",
          "spots/vienna/fendigasse-9-stair-8001c4-f3592d15.webp"
        ]
      }
    },
    {
      "type": "Feature",
      "geometry": {
        "type": "Point",
        "coordinates": [
          16.3920994,
          48.1989538
        ]
      },
      "properties": {
        "id": "arenabergpark-7d88d2",
        "name": "Arenabergpark",
        "status": "active",
        "photos": [
          "spots/vienna/arenabergpark-7d88d2-2a1a2fa1.webp",
          "spots/vienna/arenabergpark-7d88d2-e343ffbf.webp",
          "spots/vienna/arenabergpark-7d88d2-6b6a2b8d.webp",
          "spots/vienna/arenabergpark-7d88d2-3692acd3.webp"
        ]
      }
    },
    {
      "type": "Feature",
      "geometry": {
        "type": "Point",
        "coordinates": [
          16.3258867,
          48.1641105
        ]
      },
      "properties": {
        "id": "tschertegasse-curb-649b55",
        "name": "Tschertegasse Curb",
        "status": "active",
        "photos": [
          "spots/vienna/tschertegasse-curb-649b55-00d2af42.webp",
          "spots/vienna/tschertegasse-curb-649b55-fc211450.webp"
        ]
      }
    },
    {
      "type": "Feature",
      "geometry": {
        "type": "Point",
        "coordinates": [
          16.3240996,
          48.1611052
        ]
      },
      "properties": {
        "id": "schoepfwerk-wobble-ed2d30",
        "name": "Schöpfwerk Wobble",
        "status": "active",
        "photos": [
          "spots/vienna/schoepfwerk-wobble-ed2d30-ac9a5b8a.webp",
          "spots/vienna/schoepfwerk-wobble-ed2d30-73b83184.webp"
        ]
      }
    },
    {
      "type": "Feature",
      "geometry": {
        "type": "Point",
        "coordinates": [
          16.3719001,
          48.1729909
        ]
      },
      "properties": {
        "id": "arthaberpark-f62d20",
        "name": "Arthaberpark",
        "status": "active",
        "photos": [
          "spots/vienna/arthaberpark-f62d20-58a9229f.webp",
          "spots/vienna/arthaberpark-f62d20-c778f569.webp",
          "spots/vienna/arthaberpark-f62d20-78928ac2.webp",
          "spots/vienna/arthaberpark-f62d20-a6167d57.webp"
        ]
      }
    },
    {
      "type": "Feature",
      "geometry": {
        "type": "Point",
        "coordinates": [
          16.3470042,
          48.1809312
        ]
      },
      "properties": {
        "id": "little-hofburg-d4ae2c",
        "name": "Little Hofburg",
        "status": "active",
        "photos": [
          "spots/vienna/little-hofburg-d4ae2c-038cdb91.webp"
        ]
      }
    },
    {
      "type": "Feature",
      "geometry": {
        "type": "Point",
        "coordinates": [
          16.401128,
          48.2400557
        ]
      },
      "properties": {
        "id": "brigittenauer-bruecke-diy-8ba08c",
        "name": "Brigittenauer Brücke DIY",
        "status": "active",
        "photos": [
          "spots/vienna/brigittenauer-bruecke-diy-8ba08c-24e692f4.webp",
          "spots/vienna/brigittenauer-bruecke-diy-8ba08c-35195e42.webp"
        ]
      }
    },
    {
      "type": "Feature",
      "geometry": {
        "type": "Point",
        "coordinates": [
          16.3481014,
          48.1949531
        ]
      },
      "properties": {
        "id": "loquaipark-9b37fc",
        "name": "Loquaipark",
        "status": "active",
        "photos": [
          "spots/vienna/loquaipark-9b37fc-5ee06b88.webp",
          "spots/vienna/loquaipark-9b37fc-9597ab07.webp"
        ]
      }
    },
    {
      "type": "Feature",
      "geometry": {
        "type": "Point",
        "coordinates": [
          16.3152221,
          48.2095543
        ]
      },
      "properties": {
        "id": "high-ledge-8f8417",
        "name": "High Ledge",
        "status": "active",
        "photos": [
          "spots/vienna/high-ledge-8f8417-d93ddfe2.webp"
        ]
      }
    },
    {
      "type": "Feature",
      "geometry": {
        "type": "Point",
        "coordinates": [
          16.348877,
          48.1892097
        ]
      },
      "properties": {
        "id": "margaretenrail-88dcb7",
        "name": "Margaretenrail",
        "status": "active",
        "photos": [
          "spots/vienna/margaretenrail-88dcb7-1b59e030.webp",
          "spots/vienna/margaretenrail-88dcb7-8ec98d3b.webp"
        ]
      }
    },
    {
      "type": "Feature",
      "geometry": {
        "type": "Point",
        "coordinates": [
          16.3756002,
          48.1926143
        ]
      },
      "properties": {
        "id": "karlsplatz-doubleset-0dadf4",
        "name": "Karlsplatz Doubleset",
        "status": "active",
        "photos": [
          "spots/vienna/karlsplatz-doubleset-0dadf4-4dc9c47b.webp"
        ]
      }
    },
    {
      "type": "Feature",
      "geometry": {
        "type": "Point",
        "coordinates": [
          16.323722,
          48.1852391
        ]
      },
      "properties": {
        "id": "sozialamt-0e8fd8",
        "name": "Sozialamt",
        "status": "active",
        "photos": [
          "spots/vienna/sozialamt-0e8fd8-9f758d9d.webp",
          "spots/vienna/sozialamt-0e8fd8-dcd69e0b.webp",
          "spots/vienna/sozialamt-0e8fd8-43b332db.webp"
        ]
      }
    },
    {
      "type": "Feature",
      "geometry": {
        "type": "Point",
        "coordinates": [
          16.371975,
          48.2002737
        ]
      },
      "properties": {
        "id": "albertina-modern-063259",
        "name": "Albertina Modern",
        "status": "active",
        "photos": [
          "spots/vienna/albertina-modern-063259-b8597272.webp",
          "spots/vienna/albertina-modern-063259-3d6a7ebb.webp",
          "spots/vienna/albertina-modern-063259-6c6f03cf.webp",
          "spots/vienna/albertina-modern-063259-f79f9e4a.webp",
          "spots/vienna/albertina-modern-063259-c40f0afb.webp"
        ]
      }
    },
    {
      "type": "Feature",
      "geometry": {
        "type": "Point",
        "coordinates": [
          16.3582894,
          48.2072605
        ]
      },
      "properties": {
        "id": "parlament-9a9d35",
        "name": "Parlament",
        "status": "active",
        "photos": [
          "spots/vienna/parlament-9a9d35-64775c04.webp",
          "spots/vienna/parlament-9a9d35-78cd7cab.webp",
          "spots/vienna/parlament-9a9d35-c301542b.webp",
          "spots/vienna/parlament-9a9d35-dd4d50c3.webp"
        ]
      }
    },
    {
      "type": "Feature",
      "geometry": {
        "type": "Point",
        "coordinates": [
          16.4124883,
          48.1741608
        ]
      },
      "properties": {
        "id": "simmering-little-dropledge-f27708",
        "name": "Simmering little Dropledge",
        "status": "active",
        "photos": [
          "spots/vienna/simmering-little-dropledge-f27708-127a6255.webp",
          "spots/vienna/simmering-little-dropledge-f27708-51ccb97c.webp"
        ]
      }
    },
    {
      "type": "Feature",
      "geometry": {
        "type": "Point",
        "coordinates": [
          16.3345174,
          48.19463
        ]
      },
      "properties": {
        "id": "holzbox-antispot-e8a2fe",
        "name": "Holzbox Antispot",
        "status": "active",
        "photos": [
          "spots/vienna/holzbox-antispot-e8a2fe-a52b77e6.webp",
          "spots/vienna/holzbox-antispot-e8a2fe-2bdd6afe.webp"
        ]
      }
    },
    {
      "type": "Feature",
      "geometry": {
        "type": "Point",
        "coordinates": [
          16.3170496,
          48.1863882
        ]
      },
      "properties": {
        "id": "schoenbrunn-6cb763",
        "name": "Schönbrunn",
        "status": "demolished",
        "photos": [
          "spots/vienna/schoenbrunn-6cb763-8842e8a4.webp"
        ]
      }
    },
    {
      "type": "Feature",
      "geometry": {
        "type": "Point",
        "coordinates": [
          16.3642036,
          48.1882785
        ]
      },
      "properties": {
        "id": "low-to-high-ledge-mannypad-8fe5fd",
        "name": "Low to High Ledge/Mannypad",
        "status": "active",
        "photos": [
          "spots/vienna/low-to-high-ledge-mannypad-8fe5fd-89b686fe.webp"
        ]
      }
    },
    {
      "type": "Feature",
      "geometry": {
        "type": "Point",
        "coordinates": [
          16.3472693,
          48.2196311
        ]
      },
      "properties": {
        "id": "akh-9-stair-0a7587",
        "name": "AKH 9 Stair",
        "status": "active",
        "photos": [
          "spots/vienna/akh-9-stair-0a7587-6504c35a.webp",
          "spots/vienna/akh-9-stair-0a7587-e916cfa6.webp"
        ]
      }
    },
    {
      "type": "Feature",
      "geometry": {
        "type": "Point",
        "coordinates": [
          16.3506281,
          48.2199114
        ]
      },
      "properties": {
        "id": "akh-big-kicker-a7e626",
        "name": "AKH Big Kicker",
        "status": "active",
        "photos": [
          "spots/vienna/akh-big-kicker-a7e626-561e5756.webp",
          "spots/vienna/akh-big-kicker-a7e626-8ead2eaf.webp"
        ]
      }
    },
    {
      "type": "Feature",
      "geometry": {
        "type": "Point",
        "coordinates": [
          16.3436124,
          48.2166581
        ]
      },
      "properties": {
        "id": "4-stair-wheeliepad-60884f",
        "name": "4 Stair Wheeliepad",
        "status": "active",
        "photos": [
          "spots/vienna/4-stair-wheeliepad-60884f-4e5bdfb2.webp",
          "spots/vienna/4-stair-wheeliepad-60884f-9db1292d.webp",
          "spots/vienna/4-stair-wheeliepad-60884f-bc9632b9.webp"
        ]
      }
    },
    {
      "type": "Feature",
      "geometry": {
        "type": "Point",
        "coordinates": [
          16.3247624,
          48.189955
        ]
      },
      "properties": {
        "id": "12-stair-acac6e",
        "name": "12 Stair",
        "status": "active",
        "photos": [
          "spots/vienna/12-stair-acac6e-ba360fb5.webp",
          "spots/vienna/12-stair-acac6e-6f5f7c36.webp"
        ]
      }
    },
    {
      "type": "Feature",
      "geometry": {
        "type": "Point",
        "coordinates": [
          16.3319851,
          48.1918724
        ]
      },
      "properties": {
        "id": "6-stair-mariahilfer-strasse-5d271b",
        "name": "6 Stair Mariahilfer Straße",
        "status": "active",
        "photos": [
          "spots/vienna/6-stair-mariahilfer-strasse-5d271b-8b710b22.webp",
          "spots/vienna/6-stair-mariahilfer-strasse-5d271b-e2fabd18.webp"
        ]
      }
    },
    {
      "type": "Feature",
      "geometry": {
        "type": "Point",
        "coordinates": [
          16.3176652,
          48.19062
        ]
      },
      "properties": {
        "id": "6-stair-mit-handrail-928e47",
        "name": "6 Stair mit Handrail",
        "status": "active",
        "photos": [
          "spots/vienna/6-stair-mit-handrail-928e47-467b1c49.webp",
          "spots/vienna/6-stair-mit-handrail-928e47-e6bb3af0.webp",
          "spots/vienna/6-stair-mit-handrail-928e47-1b8a0edd.webp",
          "spots/vienna/6-stair-mit-handrail-928e47-a1c5000a.webp",
          "spots/vienna/6-stair-mit-handrail-928e47-e38d0109.webp"
        ]
      }
    },
    {
      "type": "Feature",
      "geometry": {
        "type": "Point",
        "coordinates": [
          16.4027266,
          48.1879767
        ]
      },
      "properties": {
        "id": "slappy-curb-5c16a9",
        "name": "Slappy Curb",
        "status": "active",
        "photos": [
          "spots/vienna/slappy-curb-5c16a9-153cb43b.webp",
          "spots/vienna/slappy-curb-5c16a9-613dd2e1.webp",
          "spots/vienna/slappy-curb-5c16a9-f2a0d737.webp",
          "spots/vienna/slappy-curb-5c16a9-30a2147a.webp",
          "spots/vienna/slappy-curb-5c16a9-3e3a538b.webp"
        ]
      }
    },
    {
      "type": "Feature",
      "geometry": {
        "type": "Point",
        "coordinates": [
          16.3118808,
          48.2567734
        ]
      },
      "properties": {
        "id": "sieveringer-bad-rail-a1c072",
        "name": "Sieveringer Bad Rail",
        "status": "active",
        "photos": [
          "spots/vienna/sieveringer-bad-rail-a1c072-1559f74f.webp"
        ]
      }
    },
    {
      "type": "Feature",
      "geometry": {
        "type": "Point",
        "coordinates": [
          16.3444024,
          48.244499
        ]
      },
      "properties": {
        "id": "oberdoebling-dropledges-9b881d",
        "name": "Oberdöbling Dropledges",
        "status": "active",
        "photos": [
          "spots/vienna/oberdoebling-dropledges-9b881d-9bceca52.webp",
          "spots/vienna/oberdoebling-dropledges-9b881d-55102a55.webp",
          "spots/vienna/oberdoebling-dropledges-9b881d-2cd0401e.webp",
          "spots/vienna/oberdoebling-dropledges-9b881d-03598b71.webp"
        ]
      }
    },
    {
      "type": "Feature",
      "geometry": {
        "type": "Point",
        "coordinates": [
          16.3474426,
          48.1871996
        ]
      },
      "properties": {
        "id": "hundsturm-park-1d3ed2",
        "name": "Hundsturm Park",
        "status": "active",
        "photos": [
          "spots/vienna/hundsturm-park-1d3ed2-8eba5878.webp",
          "spots/vienna/hundsturm-park-1d3ed2-8317daa7.webp",
          "spots/vienna/hundsturm-park-1d3ed2-d846e027.webp",
          "spots/vienna/hundsturm-park-1d3ed2-9e14e15e.webp"
        ]
      }
    },
    {
      "type": "Feature",
      "geometry": {
        "type": "Point",
        "coordinates": [
          16.371492,
          48.2187507
        ]
      },
      "properties": {
        "id": "nepomuk-kapelle-altes-flex-ledge-f5e5ac",
        "name": "Nepomuk Kapelle (Altes Flex Ledge)",
        "status": "active",
        "photos": [
          "spots/vienna/nepomuk-kapelle-altes-flex-ledge-f5e5ac-ef3b640f.webp",
          "spots/vienna/nepomuk-kapelle-altes-flex-ledge-f5e5ac-dbc83163.webp",
          "spots/vienna/nepomuk-kapelle-altes-flex-ledge-f5e5ac-7b140cfb.webp"
        ]
      }
    },
    {
      "type": "Feature",
      "geometry": {
        "type": "Point",
        "coordinates": [
          16.3686224,
          48.1909412
        ]
      },
      "properties": {
        "id": "coole-strasse-3617f4",
        "name": "Coole Straße",
        "status": "active",
        "photos": [
          "spots/vienna/coole-strasse-3617f4-ebdcb7a7.webp",
          "spots/vienna/coole-strasse-3617f4-7b66b75f.webp",
          "spots/vienna/coole-strasse-3617f4-58a1de8d.webp"
        ]
      }
    },
    {
      "type": "Feature",
      "geometry": {
        "type": "Point",
        "coordinates": [
          16.3536814,
          48.2210423
        ]
      },
      "properties": {
        "id": "arne-carlsen-park-47c8ea",
        "name": "Arne Carlsen Park",
        "status": "active",
        "photos": [
          "spots/vienna/arne-carlsen-park-47c8ea-d5236c4e.webp",
          "spots/vienna/arne-carlsen-park-47c8ea-6bbc124b.webp",
          "spots/vienna/arne-carlsen-park-47c8ea-e78e39b3.webp",
          "spots/vienna/arne-carlsen-park-47c8ea-ab8f01f1.webp"
        ]
      }
    },
    {
      "type": "Feature",
      "geometry": {
        "type": "Point",
        "coordinates": [
          16.4214969,
          48.1963257
        ]
      },
      "properties": {
        "id": "big-bank-d79a1f",
        "name": "Big Bank",
        "status": "active",
        "photos": [
          "spots/vienna/big-bank-d79a1f-4ddf5278.webp",
          "spots/vienna/big-bank-d79a1f-e7f83c5d.webp",
          "spots/vienna/big-bank-d79a1f-9ad29091.webp"
        ]
      }
    },
    {
      "type": "Feature",
      "geometry": {
        "type": "Point",
        "coordinates": [
          16.3521445,
          48.2319342
        ]
      },
      "properties": {
        "id": "crusty-bank-d07eed",
        "name": "Crusty Bank",
        "status": "active",
        "photos": [
          "spots/vienna/crusty-bank-d07eed-bf7cc0ea.webp"
        ]
      }
    },
    {
      "type": "Feature",
      "geometry": {
        "type": "Point",
        "coordinates": [
          16.289679,
          48.1945231
        ]
      },
      "properties": {
        "id": "linzer-strasse-dropledge-d08408",
        "name": "Linzer Straße Dropledge",
        "status": "active",
        "photos": [
          "spots/vienna/linzer-strasse-dropledge-d08408-4bb4eb9f.webp",
          "spots/vienna/linzer-strasse-dropledge-d08408-cbb6b289.webp",
          "spots/vienna/linzer-strasse-dropledge-d08408-af34499c.webp"
        ]
      }
    },
    {
      "type": "Feature",
      "geometry": {
        "type": "Point",
        "coordinates": [
          16.2895113,
          48.1938617
        ]
      },
      "properties": {
        "id": "linzer-strasse-banks-f6d2ec",
        "name": "Linzer Straße Banks",
        "status": "active",
        "photos": [
          "spots/vienna/linzer-strasse-banks-f6d2ec-06d5f371.webp",
          "spots/vienna/linzer-strasse-banks-f6d2ec-04a31659.webp",
          "spots/vienna/linzer-strasse-banks-f6d2ec-7e8877c5.webp"
        ]
      }
    },
    {
      "type": "Feature",
      "geometry": {
        "type": "Point",
        "coordinates": [
          16.3720993,
          48.2173089
        ]
      },
      "properties": {
        "id": "donaukanal-banks-a5bb54",
        "name": "Donaukanal Banks",
        "status": "active",
        "photos": [
          "spots/vienna/donaukanal-banks-a5bb54-527ddb80.webp"
        ]
      }
    },
    {
      "type": "Feature",
      "geometry": {
        "type": "Point",
        "coordinates": [
          16.4944157,
          48.1371966
        ]
      },
      "properties": {
        "id": "schwechat-kicker-991b4a",
        "name": "Schwechat Kicker",
        "status": "active",
        "photos": [
          "spots/vienna/schwechat-kicker-991b4a-967596bc.webp",
          "spots/vienna/schwechat-kicker-991b4a-ad53813b.webp"
        ]
      }
    },
    {
      "type": "Feature",
      "geometry": {
        "type": "Point",
        "coordinates": [
          16.3337564,
          48.2299027
        ]
      },
      "properties": {
        "id": "waehring-low-to-high-downhill-ledge-17eb1b",
        "name": "Währing Low to High Downhill Ledge",
        "status": "active",
        "photos": [
          "spots/vienna/waehring-low-to-high-downhill-ledge-17eb1b-395ab3ea.webp",
          "spots/vienna/waehring-low-to-high-downhill-ledge-17eb1b-db2d6014.webp"
        ]
      }
    },
    {
      "type": "Feature",
      "geometry": {
        "type": "Point",
        "coordinates": [
          16.3551197,
          48.1683874
        ]
      },
      "properties": {
        "id": "12-stair-151140",
        "name": "12 Stair",
        "status": "active",
        "photos": [
          "spots/vienna/12-stair-151140-5e4d4e50.webp"
        ]
      }
    },
    {
      "type": "Feature",
      "geometry": {
        "type": "Point",
        "coordinates": [
          16.4221738,
          48.2224885
        ]
      },
      "properties": {
        "id": "long-ledge-kaisermuehlen-b4acd3",
        "name": "Long Ledge Kaisermühlen",
        "status": "active",
        "photos": [
          "spots/vienna/long-ledge-kaisermuehlen-b4acd3-03a729fb.webp",
          "spots/vienna/long-ledge-kaisermuehlen-b4acd3-9d313910.webp"
        ]
      }
    },
    {
      "type": "Feature",
      "geometry": {
        "type": "Point",
        "coordinates": [
          16.412567,
          48.2327283
        ]
      },
      "properties": {
        "id": "metal-upcurb-f94f2b",
        "name": "Metal Upcurb",
        "status": "active",
        "photos": [
          "spots/vienna/metal-upcurb-f94f2b-518ea5db.webp"
        ]
      }
    },
    {
      "type": "Feature",
      "geometry": {
        "type": "Point",
        "coordinates": [
          16.3616986,
          48.2316094
        ]
      },
      "properties": {
        "id": "2-stair-ledge-2fa1bd",
        "name": "2 Stair Ledge",
        "status": "active",
        "photos": [
          "spots/vienna/2-stair-ledge-2fa1bd-2e8368fe.webp",
          "spots/vienna/2-stair-ledge-2fa1bd-e1dbd22e.webp"
        ]
      }
    },
    {
      "type": "Feature",
      "geometry": {
        "type": "Point",
        "coordinates": [
          16.3610442,
          48.2326485
        ]
      },
      "properties": {
        "id": "metall-riffel-ledge-bc6d57",
        "name": "Metall Riffel Ledge",
        "status": "active",
        "photos": [
          "spots/vienna/metall-riffel-ledge-bc6d57-b1ec66a8.webp"
        ]
      }
    },
    {
      "type": "Feature",
      "geometry": {
        "type": "Point",
        "coordinates": [
          16.360843,
          48.2336651
        ]
      },
      "properties": {
        "id": "ledges-spittelau-905591",
        "name": "Ledges Spittelau",
        "status": "active",
        "photos": [
          "spots/vienna/ledges-spittelau-905591-ce735f9a.webp"
        ]
      }
    },
    {
      "type": "Feature",
      "geometry": {
        "type": "Point",
        "coordinates": [
          16.3612175,
          48.2351157
        ]
      },
      "properties": {
        "id": "a-lot-of-stairs-and-crusty-ledge-8ec7e5",
        "name": "A lot of Stairs and crusty Ledge",
        "status": "active",
        "photos": [
          "spots/vienna/a-lot-of-stairs-and-crusty-ledge-8ec7e5-26e47956.webp",
          "spots/vienna/a-lot-of-stairs-and-crusty-ledge-8ec7e5-a34c9fcd.webp",
          "spots/vienna/a-lot-of-stairs-and-crusty-ledge-8ec7e5-f6dc84c2.webp",
          "spots/vienna/a-lot-of-stairs-and-crusty-ledge-8ec7e5-9e688065.webp",
          "spots/vienna/a-lot-of-stairs-and-crusty-ledge-8ec7e5-586fa987.webp",
          "spots/vienna/a-lot-of-stairs-and-crusty-ledge-8ec7e5-d9a0f535.webp"
        ]
      }
    },
    {
      "type": "Feature",
      "geometry": {
        "type": "Point",
        "coordinates": [
          16.3605309,
          48.2329772
        ]
      },
      "properties": {
        "id": "3-stair-low-to-high-ledge-2578a0",
        "name": "3 Stair Low to High Ledge",
        "status": "active",
        "photos": [
          "spots/vienna/3-stair-low-to-high-ledge-2578a0-c720719a.webp",
          "spots/vienna/3-stair-low-to-high-ledge-2578a0-08a75c1b.webp"
        ]
      }
    },
    {
      "type": "Feature",
      "geometry": {
        "type": "Point",
        "coordinates": [
          16.3610154,
          48.2339379
        ]
      },
      "properties": {
        "id": "donaukanal-gap-6e8844",
        "name": "Donaukanal Gap",
        "status": "active",
        "photos": [
          "spots/vienna/donaukanal-gap-6e8844-c28b4f11.webp",
          "spots/vienna/donaukanal-gap-6e8844-5daaba3e.webp",
          "spots/vienna/donaukanal-gap-6e8844-06e7150d.webp"
        ]
      }
    },
    {
      "type": "Feature",
      "geometry": {
        "type": "Point",
        "coordinates": [
          16.361069,
          48.2330017
        ]
      },
      "properties": {
        "id": "donaukanal-radweg-ledge-2ec3d9",
        "name": "Donaukanal Radweg Ledge",
        "status": "active",
        "photos": [
          "spots/vienna/donaukanal-radweg-ledge-2ec3d9-7f9e0572.webp"
        ]
      }
    },
    {
      "type": "Feature",
      "geometry": {
        "type": "Point",
        "coordinates": [
          16.4291427,
          48.1632409
        ]
      },
      "properties": {
        "id": "simmeringer-bad-d132fc",
        "name": "Simmeringer Bad",
        "status": "active",
        "photos": [
          "spots/vienna/simmeringer-bad-d132fc-a501316c.webp",
          "spots/vienna/simmeringer-bad-d132fc-d646afd5.webp",
          "spots/vienna/simmeringer-bad-d132fc-ce2b54d2.webp",
          "spots/vienna/simmeringer-bad-d132fc-8a151e2a.webp",
          "spots/vienna/simmeringer-bad-d132fc-56cb6b25.webp",
          "spots/vienna/simmeringer-bad-d132fc-8dbf6515.webp",
          "spots/vienna/simmeringer-bad-d132fc-615eeee3.webp",
          "spots/vienna/simmeringer-bad-d132fc-15d93be5.webp"
        ]
      }
    },
    {
      "type": "Feature",
      "geometry": {
        "type": "Point",
        "coordinates": [
          16.4012901,
          48.2552214
        ]
      },
      "properties": {
        "id": "floridsdorf-holzbaenke-e49c47",
        "name": "Floridsdorf Holzbänke",
        "status": "active",
        "photos": [
          "spots/vienna/floridsdorf-holzbaenke-e49c47-3a6c8281.webp",
          "spots/vienna/floridsdorf-holzbaenke-e49c47-04ccbd73.webp",
          "spots/vienna/floridsdorf-holzbaenke-e49c47-02c98e2d.webp",
          "spots/vienna/floridsdorf-holzbaenke-e49c47-ddcd6a68.webp",
          "spots/vienna/floridsdorf-holzbaenke-e49c47-2902d283.webp"
        ]
      }
    },
    {
      "type": "Feature",
      "geometry": {
        "type": "Point",
        "coordinates": [
          16.4048686,
          48.2601153
        ]
      },
      "properties": {
        "id": "alter-bahnhof-floridsdorf-26ce23",
        "name": "Alter Bahnhof Floridsdorf",
        "status": "active",
        "photos": [
          "spots/vienna/alter-bahnhof-floridsdorf-26ce23-f21ffcb3.webp",
          "spots/vienna/alter-bahnhof-floridsdorf-26ce23-77317a79.webp",
          "spots/vienna/alter-bahnhof-floridsdorf-26ce23-70a97d6a.webp"
        ]
      }
    },
    {
      "type": "Feature",
      "geometry": {
        "type": "Point",
        "coordinates": [
          16.4054782,
          48.2640402
        ]
      },
      "properties": {
        "id": "big-crusty-bank-5b3a60",
        "name": "Big Crusty Bank",
        "status": "active",
        "photos": [
          "spots/vienna/big-crusty-bank-5b3a60-60d9d41a.webp"
        ]
      }
    },
    {
      "type": "Feature",
      "geometry": {
        "type": "Point",
        "coordinates": [
          16.4061043,
          48.2688755
        ]
      },
      "properties": {
        "id": "kh-nord-gap-over-rail-26983d",
        "name": "KH Nord Gap over Rail",
        "status": "active",
        "photos": [
          "spots/vienna/kh-nord-gap-over-rail-26983d-f2213b56.webp"
        ]
      }
    },
    {
      "type": "Feature",
      "geometry": {
        "type": "Point",
        "coordinates": [
          16.386028,
          48.1797308
        ]
      },
      "properties": {
        "id": "arsenal-bank-ed308c",
        "name": "Arsenal Bank",
        "status": "active",
        "photos": [
          "spots/vienna/arsenal-bank-ed308c-772da8dd.webp",
          "spots/vienna/arsenal-bank-ed308c-868cabcf.webp",
          "spots/vienna/arsenal-bank-ed308c-e11b6e03.webp",
          "spots/vienna/arsenal-bank-ed308c-f0d93ce1.webp",
          "spots/vienna/arsenal-bank-ed308c-079d54fd.webp"
        ]
      }
    },
    {
      "type": "Feature",
      "geometry": {
        "type": "Point",
        "coordinates": [
          16.5075058,
          48.2250888
        ]
      },
      "properties": {
        "id": "seestadt-curb-blocks-35335e",
        "name": "Seestadt Curb Blocks",
        "status": "active",
        "photos": [
          "spots/vienna/seestadt-curb-blocks-35335e-6add6252.webp"
        ]
      }
    },
    {
      "type": "Feature",
      "geometry": {
        "type": "Point",
        "coordinates": [
          16.4184292,
          48.2391607
        ]
      },
      "properties": {
        "id": "donaupark-low-handrail-cbfefe",
        "name": "Donaupark Low Handrail",
        "status": "active",
        "photos": [
          "spots/vienna/donaupark-low-handrail-cbfefe-224c0a11.webp",
          "spots/vienna/donaupark-low-handrail-cbfefe-425f41d8.webp"
        ]
      }
    },
    {
      "type": "Feature",
      "geometry": {
        "type": "Point",
        "coordinates": [
          16.4169023,
          48.2397385
        ]
      },
      "properties": {
        "id": "donaupark-aceadb",
        "name": "Donaupark",
        "status": "active",
        "photos": [
          "spots/vienna/donaupark-aceadb-606999ca.webp",
          "spots/vienna/donaupark-aceadb-e80ac644.webp",
          "spots/vienna/donaupark-aceadb-f69cb406.webp",
          "spots/vienna/donaupark-aceadb-df5dbebd.webp",
          "spots/vienna/donaupark-aceadb-741a36c1.webp",
          "spots/vienna/donaupark-aceadb-de8e9e98.webp",
          "spots/vienna/donaupark-aceadb-0c5b598a.webp"
        ]
      }
    },
    {
      "type": "Feature",
      "geometry": {
        "type": "Point",
        "coordinates": [
          16.4068994,
          48.199948
        ]
      },
      "properties": {
        "id": "erdberger-laende-c25091",
        "name": "Erdberger Lände",
        "status": "active",
        "photos": [
          "spots/vienna/erdberger-laende-c25091-bd6ab8c7.webp",
          "spots/vienna/erdberger-laende-c25091-72a32a20.webp"
        ]
      }
    },
    {
      "type": "Feature",
      "geometry": {
        "type": "Point",
        "coordinates": [
          16.3861362,
          48.1460187
        ]
      },
      "properties": {
        "id": "4er-stairsets-701206",
        "name": "4er Stairsets",
        "status": "active",
        "photos": [
          "spots/vienna/4er-stairsets-701206-2eb24750.webp",
          "spots/vienna/4er-stairsets-701206-a718e3c1.webp"
        ]
      }
    },
    {
      "type": "Feature",
      "geometry": {
        "type": "Point",
        "coordinates": [
          16.3852199,
          48.1461191
        ]
      },
      "properties": {
        "id": "antispot-kicker-8476e2",
        "name": "Antispot Kicker",
        "status": "active",
        "photos": [
          "spots/vienna/antispot-kicker-8476e2-d550abe8.webp"
        ]
      }
    },
    {
      "type": "Feature",
      "geometry": {
        "type": "Point",
        "coordinates": [
          16.3837373,
          48.146626
        ]
      },
      "properties": {
        "id": "kokosnuss-antispot-02e5ae",
        "name": "Kokosnuss Antispot",
        "status": "active",
        "photos": [
          "spots/vienna/kokosnuss-antispot-02e5ae-26720fbc.webp",
          "spots/vienna/kokosnuss-antispot-02e5ae-539febb3.webp"
        ]
      }
    },
    {
      "type": "Feature",
      "geometry": {
        "type": "Point",
        "coordinates": [
          16.3835122,
          48.1472471
        ]
      },
      "properties": {
        "id": "6-stair-mit-handrail-da1c8f",
        "name": "6 Stair mit Handrail",
        "status": "active",
        "photos": [
          "spots/vienna/6-stair-mit-handrail-da1c8f-00cbc8e3.webp",
          "spots/vienna/6-stair-mit-handrail-da1c8f-995cfbc4.webp"
        ]
      }
    },
    {
      "type": "Feature",
      "geometry": {
        "type": "Point",
        "coordinates": [
          16.3834816,
          48.151134
        ]
      },
      "properties": {
        "id": "minikicker-b2934b",
        "name": "Minikicker",
        "status": "active",
        "photos": [
          "spots/vienna/minikicker-b2934b-afd64e37.webp",
          "spots/vienna/minikicker-b2934b-5ddd2850.webp"
        ]
      }
    },
    {
      "type": "Feature",
      "geometry": {
        "type": "Point",
        "coordinates": [
          16.38314,
          48.1527908
        ]
      },
      "properties": {
        "id": "10-stair-74f2a0",
        "name": "10 Stair",
        "status": "active",
        "photos": [
          "spots/vienna/10-stair-74f2a0-14d17619.webp",
          "spots/vienna/10-stair-74f2a0-3d12e56c.webp"
        ]
      }
    },
    {
      "type": "Feature",
      "geometry": {
        "type": "Point",
        "coordinates": [
          16.3829465,
          48.1530364
        ]
      },
      "properties": {
        "id": "flo-erks-ledge-198c9e",
        "name": "Flo Erks Ledge",
        "status": "active",
        "photos": [
          "spots/vienna/flo-erks-ledge-198c9e-b32f3037.webp",
          "spots/vienna/flo-erks-ledge-198c9e-0b3f90e3.webp"
        ]
      }
    },
    {
      "type": "Feature",
      "geometry": {
        "type": "Point",
        "coordinates": [
          16.367309,
          48.2148145
        ]
      },
      "properties": {
        "id": "boerse-curb-2-c7142a",
        "name": "Börse Curb 2",
        "status": "active",
        "photos": [
          "spots/vienna/boerse-curb-2-c7142a-dd32da64.webp"
        ]
      }
    },
    {
      "type": "Feature",
      "geometry": {
        "type": "Point",
        "coordinates": [
          16.3556649,
          48.2087213
        ]
      },
      "properties": {
        "id": "rathaus-woodbenches-56ee5e",
        "name": "Rathaus Woodbenches",
        "status": "active",
        "photos": [
          "spots/vienna/rathaus-woodbenches-56ee5e-72fb504e.webp",
          "spots/vienna/rathaus-woodbenches-56ee5e-64e9eca1.webp",
          "spots/vienna/rathaus-woodbenches-56ee5e-4e19b1cf.webp"
        ]
      }
    },
    {
      "type": "Feature",
      "geometry": {
        "type": "Point",
        "coordinates": [
          16.3851241,
          48.1465064
        ]
      },
      "properties": {
        "id": "neulaa-big-gap-489316",
        "name": "Neulaa Big Gap",
        "status": "active",
        "photos": [
          "spots/vienna/neulaa-big-gap-489316-ada7357c.webp",
          "spots/vienna/neulaa-big-gap-489316-5e7c43dd.webp"
        ]
      }
    },
    {
      "type": "Feature",
      "geometry": {
        "type": "Point",
        "coordinates": [
          16.3414106,
          48.1772939
        ]
      },
      "properties": {
        "id": "meidling-brick-ledge-89c194",
        "name": "Meidling Brick Ledge",
        "status": "active",
        "photos": [
          "spots/vienna/meidling-brick-ledge-89c194-899d5fa0.webp"
        ]
      }
    },
    {
      "type": "Feature",
      "geometry": {
        "type": "Point",
        "coordinates": [
          16.3592618,
          48.2353294
        ]
      },
      "properties": {
        "id": "spittelau-bank-32127a",
        "name": "Spittelau Bank",
        "status": "active",
        "photos": [
          "spots/vienna/spittelau-bank-32127a-bbef8075.webp"
        ]
      }
    },
    {
      "type": "Feature",
      "geometry": {
        "type": "Point",
        "coordinates": [
          16.342664,
          48.2192688
        ]
      },
      "properties": {
        "id": "akh-guertel-rail-fe6851",
        "name": "AKH Gürtel Rail",
        "status": "active",
        "photos": [
          "spots/vienna/akh-guertel-rail-fe6851-95c431b4.webp",
          "spots/vienna/akh-guertel-rail-fe6851-6b6559b9.webp"
        ]
      }
    },
    {
      "type": "Feature",
      "geometry": {
        "type": "Point",
        "coordinates": [
          16.3386772,
          48.1819857
        ]
      },
      "properties": {
        "id": "hans-mandl-berufsschule-4488df",
        "name": "Hans Mandl Berufsschule",
        "status": "active",
        "photos": [
          "spots/vienna/hans-mandl-berufsschule-4488df-a0eb2de4.webp",
          "spots/vienna/hans-mandl-berufsschule-4488df-c5cdc3e0.webp"
        ]
      }
    },
    {
      "type": "Feature",
      "geometry": {
        "type": "Point",
        "coordinates": [
          16.3822828,
          48.2038496
        ]
      },
      "properties": {
        "id": "stadtpark-stairset-gap-42b044",
        "name": "Stadtpark Stairset Gap",
        "status": "active",
        "photos": [
          "spots/vienna/stadtpark-stairset-gap-42b044-ac9cb035.webp",
          "spots/vienna/stadtpark-stairset-gap-42b044-7e698ae2.webp"
        ]
      }
    },
    {
      "type": "Feature",
      "geometry": {
        "type": "Point",
        "coordinates": [
          16.3596734,
          48.2293447
        ]
      },
      "properties": {
        "id": "wu-garage-curbs-7ab0d4",
        "name": "WU Garage Curbs",
        "status": "active",
        "photos": [
          "spots/vienna/wu-garage-curbs-7ab0d4-a79934dc.webp"
        ]
      }
    },
    {
      "type": "Feature",
      "geometry": {
        "type": "Point",
        "coordinates": [
          16.3863728,
          48.195589
        ]
      },
      "properties": {
        "id": "rennweg-5-stair-34e5ad",
        "name": "Rennweg 5 Stair",
        "status": "active",
        "photos": [
          "spots/vienna/rennweg-5-stair-34e5ad-229cdd0b.webp",
          "spots/vienna/rennweg-5-stair-34e5ad-707672a5.webp"
        ]
      }
    },
    {
      "type": "Feature",
      "geometry": {
        "type": "Point",
        "coordinates": [
          16.3803119,
          48.2042057
        ]
      },
      "properties": {
        "id": "stadtpark-small-curb-957925",
        "name": "Stadtpark Small Curb",
        "status": "active",
        "photos": [
          "spots/vienna/stadtpark-small-curb-957925-93b489a2.webp"
        ]
      }
    },
    {
      "type": "Feature",
      "geometry": {
        "type": "Point",
        "coordinates": [
          16.3571107,
          48.2031685
        ]
      },
      "properties": {
        "id": "museumsquartier-10-stair-f63701",
        "name": "Museumsquartier 10 Stair",
        "status": "active",
        "photos": [
          "spots/vienna/museumsquartier-10-stair-f63701-68021ce3.webp",
          "spots/vienna/museumsquartier-10-stair-f63701-33514405.webp"
        ]
      }
    },
    {
      "type": "Feature",
      "geometry": {
        "type": "Point",
        "coordinates": [
          16.3373924,
          48.2026158
        ]
      },
      "properties": {
        "id": "burggasse-strassenbahn-gap-1a0299",
        "name": "Burggasse Straßenbahn Gap",
        "status": "active",
        "photos": [
          "spots/vienna/burggasse-strassenbahn-gap-1a0299-adf23f0e.webp",
          "spots/vienna/burggasse-strassenbahn-gap-1a0299-e50b65ef.webp"
        ]
      }
    },
    {
      "type": "Feature",
      "geometry": {
        "type": "Point",
        "coordinates": [
          16.4047453,
          48.2154837
        ]
      },
      "properties": {
        "id": "sfu-manny-pads-564c52",
        "name": "SFU Manny Pads",
        "status": "active",
        "photos": [
          "spots/vienna/sfu-manny-pads-564c52-0357df0f.webp"
        ]
      }
    },
    {
      "type": "Feature",
      "geometry": {
        "type": "Point",
        "coordinates": [
          16.3970842,
          48.2230468
        ]
      },
      "properties": {
        "id": "walcherstrasse-gap-bccfe9",
        "name": "Walcherstraße Gap",
        "status": "active",
        "photos": [
          "spots/vienna/walcherstrasse-gap-bccfe9-e491ca9d.webp",
          "spots/vienna/walcherstrasse-gap-bccfe9-97824fe7.webp",
          "spots/vienna/walcherstrasse-gap-bccfe9-9069176a.webp",
          "spots/vienna/walcherstrasse-gap-bccfe9-63c031e5.webp"
        ]
      }
    },
    {
      "type": "Feature",
      "geometry": {
        "type": "Point",
        "coordinates": [
          16.395125,
          48.225267
        ]
      },
      "properties": {
        "id": "ledge-c432cb",
        "name": "Ledge",
        "status": "active",
        "photos": [
          "spots/vienna/ledge-c432cb-aad3e48c.webp"
        ]
      }
    },
    {
      "type": "Feature",
      "geometry": {
        "type": "Point",
        "coordinates": [
          16.3940637,
          48.2281911
        ]
      },
      "properties": {
        "id": "nordbahnviertel-campus-3b2d84",
        "name": "Nordbahnviertel Campus",
        "status": "active",
        "photos": [
          "spots/vienna/nordbahnviertel-campus-3b2d84-134b706d.webp",
          "spots/vienna/nordbahnviertel-campus-3b2d84-25b794f2.webp",
          "spots/vienna/nordbahnviertel-campus-3b2d84-8e682891.webp"
        ]
      }
    },
    {
      "type": "Feature",
      "geometry": {
        "type": "Point",
        "coordinates": [
          16.3620776,
          48.2104202
        ]
      },
      "properties": {
        "id": "burgtheater-crusty-curb-4a2227",
        "name": "Burgtheater Crusty Curb",
        "status": "active",
        "photos": [
          "spots/vienna/burgtheater-crusty-curb-4a2227-93f20de2.webp"
        ]
      }
    },
    {
      "type": "Feature",
      "geometry": {
        "type": "Point",
        "coordinates": [
          16.3594858,
          48.2332984
        ]
      },
      "properties": {
        "id": "spittelau-dropledge-banks-gap-c4af0f",
        "name": "Spittelau Dropledge/Banks/Gap",
        "status": "active",
        "photos": [
          "spots/vienna/spittelau-dropledge-banks-gap-c4af0f-3e7c9cf8.webp",
          "spots/vienna/spittelau-dropledge-banks-gap-c4af0f-c45321a1.webp",
          "spots/vienna/spittelau-dropledge-banks-gap-c4af0f-11c66914.webp",
          "spots/vienna/spittelau-dropledge-banks-gap-c4af0f-a163172b.webp",
          "spots/vienna/spittelau-dropledge-banks-gap-c4af0f-ae4500bf.webp",
          "spots/vienna/spittelau-dropledge-banks-gap-c4af0f-a6b4b62c.webp"
        ]
      }
    },
    {
      "type": "Feature",
      "geometry": {
        "type": "Point",
        "coordinates": [
          16.3564147,
          48.2329976
        ]
      },
      "properties": {
        "id": "mistkuebel-gap-2b24d5",
        "name": "Mistkübel Gap",
        "status": "active",
        "photos": [
          "spots/vienna/mistkuebel-gap-2b24d5-3a2c7ab6.webp"
        ]
      }
    },
    {
      "type": "Feature",
      "geometry": {
        "type": "Point",
        "coordinates": [
          16.3708507,
          48.1845954
        ]
      },
      "properties": {
        "id": "hbf-bump-and-gap-4e32b9",
        "name": "Hbf Bump and Gap",
        "status": "active",
        "photos": [
          "spots/vienna/hbf-bump-and-gap-4e32b9-3784150b.webp",
          "spots/vienna/hbf-bump-and-gap-4e32b9-10502ba3.webp",
          "spots/vienna/hbf-bump-and-gap-4e32b9-03b317ca.webp"
        ]
      }
    },
    {
      "type": "Feature",
      "geometry": {
        "type": "Point",
        "coordinates": [
          16.3723728,
          48.185028
        ]
      },
      "properties": {
        "id": "hbf-gap-to-stromkasten-1c88a6",
        "name": "Hbf Gap to Stromkasten",
        "status": "active",
        "photos": [
          "spots/vienna/hbf-gap-to-stromkasten-1c88a6-25ed8c46.webp",
          "spots/vienna/hbf-gap-to-stromkasten-1c88a6-6792fb2b.webp",
          "spots/vienna/hbf-gap-to-stromkasten-1c88a6-484ecd1c.webp"
        ]
      }
    },
    {
      "type": "Feature",
      "geometry": {
        "type": "Point",
        "coordinates": [
          16.4222284,
          48.1854857
        ]
      },
      "properties": {
        "id": "gasometer-dropledge-86bc4f",
        "name": "Gasometer Dropledge",
        "status": "active",
        "photos": [
          "spots/vienna/gasometer-dropledge-86bc4f-04fbb256.webp",
          "spots/vienna/gasometer-dropledge-86bc4f-78e3ec38.webp"
        ]
      }
    },
    {
      "type": "Feature",
      "geometry": {
        "type": "Point",
        "coordinates": [
          16.4119194,
          48.1929251
        ]
      },
      "properties": {
        "id": "metallkasten-to-downhill-8f33f0",
        "name": "Metallkasten to Downhill",
        "status": "active",
        "photos": [
          "spots/vienna/metallkasten-to-downhill-8f33f0-786402aa.webp",
          "spots/vienna/metallkasten-to-downhill-8f33f0-27cd80e9.webp"
        ]
      }
    },
    {
      "type": "Feature",
      "geometry": {
        "type": "Point",
        "coordinates": [
          16.4114421,
          48.1931943
        ]
      },
      "properties": {
        "id": "u-ledge-2c0646",
        "name": "U-Ledge",
        "status": "active",
        "photos": [
          "spots/vienna/u-ledge-2c0646-2766d9fe.webp"
        ]
      }
    },
    {
      "type": "Feature",
      "geometry": {
        "type": "Point",
        "coordinates": [
          16.3847201,
          48.2075982
        ]
      },
      "properties": {
        "id": "landstrasse-streetgap-911f8d",
        "name": "Landstraße Streetgap",
        "status": "active",
        "photos": [
          "spots/vienna/landstrasse-streetgap-911f8d-cb38cfd5.webp",
          "spots/vienna/landstrasse-streetgap-911f8d-ce19bc86.webp",
          "spots/vienna/landstrasse-streetgap-911f8d-da39d73d.webp"
        ]
      }
    },
    {
      "type": "Feature",
      "geometry": {
        "type": "Point",
        "coordinates": [
          16.3849383,
          48.2066552
        ]
      },
      "properties": {
        "id": "wien-mitte-pipe-f396db",
        "name": "Wien Mitte Pipe",
        "status": "active",
        "photos": [
          "spots/vienna/wien-mitte-pipe-f396db-7d29d9b3.webp"
        ]
      }
    },
    {
      "type": "Feature",
      "geometry": {
        "type": "Point",
        "coordinates": [
          16.3863925,
          48.2082502
        ]
      },
      "properties": {
        "id": "low-to-high-ledge-1b13e5",
        "name": "Low to High Ledge",
        "status": "active",
        "photos": [
          "spots/vienna/low-to-high-ledge-1b13e5-58c8d950.webp"
        ]
      }
    },
    {
      "type": "Feature",
      "geometry": {
        "type": "Point",
        "coordinates": [
          16.3869871,
          48.2077924
        ]
      },
      "properties": {
        "id": "9-stair-3a8006",
        "name": "9 Stair",
        "status": "active",
        "photos": [
          "spots/vienna/9-stair-3a8006-8e3955ed.webp",
          "spots/vienna/9-stair-3a8006-e971421a.webp"
        ]
      }
    },
    {
      "type": "Feature",
      "geometry": {
        "type": "Point",
        "coordinates": [
          16.3863942,
          48.2076468
        ]
      },
      "properties": {
        "id": "justiz-handrail-48d264",
        "name": "Justiz Handrail",
        "status": "active",
        "photos": [
          "spots/vienna/justiz-handrail-48d264-64ee85e0.webp",
          "spots/vienna/justiz-handrail-48d264-91a1dae8.webp"
        ]
      }
    },
    {
      "type": "Feature",
      "geometry": {
        "type": "Point",
        "coordinates": [
          16.4472165,
          48.2178898
        ]
      },
      "properties": {
        "id": "stadlau-banks-7d6b73",
        "name": "Stadlau Banks",
        "status": "active",
        "photos": [
          "spots/vienna/stadlau-banks-7d6b73-1467c535.webp",
          "spots/vienna/stadlau-banks-7d6b73-f0361002.webp",
          "spots/vienna/stadlau-banks-7d6b73-27a26190.webp",
          "spots/vienna/stadlau-banks-7d6b73-8a9898e7.webp"
        ]
      }
    },
    {
      "type": "Feature",
      "geometry": {
        "type": "Point",
        "coordinates": [
          16.3575281,
          48.2304668
        ]
      },
      "properties": {
        "id": "wu-garage-6er-stairsets-a1fd66",
        "name": "Wu Garage 6er Stairsets",
        "status": "active",
        "photos": [
          "spots/vienna/wu-garage-6er-stairsets-a1fd66-c12ccd70.webp",
          "spots/vienna/wu-garage-6er-stairsets-a1fd66-74e19bdf.webp"
        ]
      }
    },
    {
      "type": "Feature",
      "geometry": {
        "type": "Point",
        "coordinates": [
          16.3606465,
          48.2307798
        ]
      },
      "properties": {
        "id": "deathdrop-3bb6d8",
        "name": "Deathdrop",
        "status": "active",
        "photos": [
          "spots/vienna/deathdrop-3bb6d8-45ff2940.webp"
        ]
      }
    },
    {
      "type": "Feature",
      "geometry": {
        "type": "Point",
        "coordinates": [
          16.3404368,
          48.1875565
        ]
      },
      "properties": {
        "id": "margaretenguertel-slappy-wallride-curb-803603",
        "name": "Margaretengürtel Slappy Wallride Curb",
        "status": "active",
        "photos": [
          "spots/vienna/margaretenguertel-slappy-wallride-curb-803603-96d5d050.webp"
        ]
      }
    },
    {
      "type": "Feature",
      "geometry": {
        "type": "Point",
        "coordinates": [
          16.3431298,
          48.1891715
        ]
      },
      "properties": {
        "id": "margaretenguertel-mannypad-16fcf0",
        "name": "Margaretengürtel Mannypad",
        "status": "active",
        "photos": [
          "spots/vienna/margaretenguertel-mannypad-16fcf0-0a5f341d.webp",
          "spots/vienna/margaretenguertel-mannypad-16fcf0-1a2038b0.webp"
        ]
      }
    },
    {
      "type": "Feature",
      "geometry": {
        "type": "Point",
        "coordinates": [
          16.4098373,
          48.1854956
        ]
      },
      "properties": {
        "id": "perfekte-curbs-d73991",
        "name": "Perfekte Curbs",
        "status": "active",
        "photos": [
          "spots/vienna/perfekte-curbs-d73991-dc159095.webp",
          "spots/vienna/perfekte-curbs-d73991-b8083fa2.webp"
        ]
      }
    },
    {
      "type": "Feature",
      "geometry": {
        "type": "Point",
        "coordinates": [
          16.407124,
          48.1850721
        ]
      },
      "properties": {
        "id": "9-11-stair-c6afb4",
        "name": "9 & 11 Stair",
        "status": "active",
        "photos": [
          "spots/vienna/9-11-stair-c6afb4-6e414e07.webp",
          "spots/vienna/9-11-stair-c6afb4-08423ac8.webp",
          "spots/vienna/9-11-stair-c6afb4-d6978444.webp"
        ]
      }
    },
    {
      "type": "Feature",
      "geometry": {
        "type": "Point",
        "coordinates": [
          16.3410736,
          48.1896293
        ]
      },
      "properties": {
        "id": "gehsteiggap-a8e153",
        "name": "Gehsteiggap",
        "status": "active",
        "photos": [
          "spots/vienna/gehsteiggap-a8e153-f80414d9.webp",
          "spots/vienna/gehsteiggap-a8e153-b0172fee.webp"
        ]
      }
    },
    {
      "type": "Feature",
      "geometry": {
        "type": "Point",
        "coordinates": [
          16.3451725,
          48.1854224
        ]
      },
      "properties": {
        "id": "margaretenguertel-brick-spot-aeb53c",
        "name": "Margaretengürtel Brick Spot",
        "status": "active",
        "photos": [
          "spots/vienna/margaretenguertel-brick-spot-aeb53c-296c1b6b.webp",
          "spots/vienna/margaretenguertel-brick-spot-aeb53c-a98875b5.webp",
          "spots/vienna/margaretenguertel-brick-spot-aeb53c-4ab01e73.webp",
          "spots/vienna/margaretenguertel-brick-spot-aeb53c-370f9e65.webp"
        ]
      }
    },
    {
      "type": "Feature",
      "geometry": {
        "type": "Point",
        "coordinates": [
          16.3024543,
          48.1921057
        ]
      },
      "properties": {
        "id": "barrier-9e52ff",
        "name": "Barrier",
        "status": "active",
        "photos": [
          "spots/vienna/barrier-9e52ff-12771db8.webp"
        ]
      }
    },
    {
      "type": "Feature",
      "geometry": {
        "type": "Point",
        "coordinates": [
          16.4144734,
          48.2291814
        ]
      },
      "properties": {
        "id": "copa-stairsets-30c619",
        "name": "Copa Stairsets",
        "status": "active",
        "photos": [
          "spots/vienna/copa-stairsets-30c619-e313e752.webp",
          "spots/vienna/copa-stairsets-30c619-b1c9da73.webp",
          "spots/vienna/copa-stairsets-30c619-7f51c3b6.webp",
          "spots/vienna/copa-stairsets-30c619-fb2066ac.webp"
        ]
      }
    },
    {
      "type": "Feature",
      "geometry": {
        "type": "Point",
        "coordinates": [
          16.415576,
          48.2297729
        ]
      },
      "properties": {
        "id": "copa-mini-dropledge-8e59a0",
        "name": "Copa Mini Dropledge",
        "status": "active",
        "photos": [
          "spots/vienna/copa-mini-dropledge-8e59a0-1a5ecf7a.webp"
        ]
      }
    },
    {
      "type": "Feature",
      "geometry": {
        "type": "Point",
        "coordinates": [
          16.4171978,
          48.2271768
        ]
      },
      "properties": {
        "id": "11-stair-b83173",
        "name": "11 Stair",
        "status": "active",
        "photos": [
          "spots/vienna/11-stair-b83173-03b5d23f.webp"
        ]
      }
    },
    {
      "type": "Feature",
      "geometry": {
        "type": "Point",
        "coordinates": [
          16.421852,
          48.2236904
        ]
      },
      "properties": {
        "id": "antispot-donauinsel-carwash-drop-33b392",
        "name": "Antispot Donauinsel Carwash Drop",
        "status": "active",
        "photos": [
          "spots/vienna/antispot-donauinsel-carwash-drop-33b392-d5317bee.webp"
        ]
      }
    },
    {
      "type": "Feature",
      "geometry": {
        "type": "Point",
        "coordinates": [
          16.4173184,
          48.2262147
        ]
      },
      "properties": {
        "id": "big-bank-421a9a",
        "name": "Big Bank",
        "status": "active",
        "photos": [
          "spots/vienna/big-bank-421a9a-28d73b5f.webp"
        ]
      }
    },
    {
      "type": "Feature",
      "geometry": {
        "type": "Point",
        "coordinates": [
          16.3145968,
          48.1865888
        ]
      },
      "properties": {
        "id": "schoenbrunn-gap-auf-strasse-d446cd",
        "name": "Schönbrunn Gap auf Straße",
        "status": "active",
        "photos": [
          "spots/vienna/schoenbrunn-gap-auf-strasse-d446cd-660ac5a6.webp",
          "spots/vienna/schoenbrunn-gap-auf-strasse-d446cd-382ff25d.webp",
          "spots/vienna/schoenbrunn-gap-auf-strasse-d446cd-16a785ad.webp",
          "spots/vienna/schoenbrunn-gap-auf-strasse-d446cd-7359b90f.webp"
        ]
      }
    },
    {
      "type": "Feature",
      "geometry": {
        "type": "Point",
        "coordinates": [
          16.3576976,
          48.2332356
        ]
      },
      "properties": {
        "id": "bka-quater-099785",
        "name": "BKA Quater",
        "status": "active",
        "photos": [
          "spots/vienna/bka-quater-099785-cf0ef09d.webp"
        ]
      }
    },
    {
      "type": "Feature",
      "geometry": {
        "type": "Point",
        "coordinates": [
          16.365074,
          48.2282968
        ]
      },
      "properties": {
        "id": "donaukanal-big-handrail-4d9214",
        "name": "Donaukanal Big Handrail",
        "status": "active",
        "photos": [
          "spots/vienna/donaukanal-big-handrail-4d9214-9079af4c.webp"
        ]
      }
    },
    {
      "type": "Feature",
      "geometry": {
        "type": "Point",
        "coordinates": [
          16.3564583,
          48.2332195
        ]
      },
      "properties": {
        "id": "antispot-slappy-17eef1",
        "name": "Antispot Slappy",
        "status": "active",
        "photos": [
          "spots/vienna/antispot-slappy-17eef1-61f275be.webp"
        ]
      }
    },
    {
      "type": "Feature",
      "geometry": {
        "type": "Point",
        "coordinates": [
          16.3563368,
          48.1884264
        ]
      },
      "properties": {
        "id": "bacherplatz-curb-fbf82f",
        "name": "Bacherplatz Curb",
        "status": "active",
        "photos": [
          "spots/vienna/bacherplatz-curb-fbf82f-8f0938b8.webp"
        ]
      }
    },
    {
      "type": "Feature",
      "geometry": {
        "type": "Point",
        "coordinates": [
          16.3661515,
          48.2033974
        ]
      },
      "properties": {
        "id": "goethedenkmal-f2b297",
        "name": "Göthedenkmal",
        "status": "active",
        "photos": [
          "spots/vienna/goethedenkmal-f2b297-d32a069f.webp"
        ]
      }
    },
    {
      "type": "Feature",
      "geometry": {
        "type": "Point",
        "coordinates": [
          16.3677018,
          48.2192559
        ]
      },
      "properties": {
        "id": "oskar-morgenstern-platz-133086",
        "name": "Oskar Morgenstern Platz",
        "status": "active",
        "photos": [
          "spots/vienna/oskar-morgenstern-platz-133086-f85a02c6.webp"
        ]
      }
    },
    {
      "type": "Feature",
      "geometry": {
        "type": "Point",
        "coordinates": [
          16.3688772,
          48.2219363
        ]
      },
      "properties": {
        "id": "donaukanal-high-handrail-a9489f",
        "name": "Donaukanal High Handrail",
        "status": "active",
        "photos": [
          "spots/vienna/donaukanal-high-handrail-a9489f-4d31118b.webp"
        ]
      }
    },
    {
      "type": "Feature",
      "geometry": {
        "type": "Point",
        "coordinates": [
          16.3688102,
          48.2232571
        ]
      },
      "properties": {
        "id": "yellow-donaukanal-rail-489dd1",
        "name": "Yellow Donaukanal Rail",
        "status": "active",
        "photos": [
          "spots/vienna/yellow-donaukanal-rail-489dd1-9d7d3dcb.webp"
        ]
      }
    },
    {
      "type": "Feature",
      "geometry": {
        "type": "Point",
        "coordinates": [
          16.3687458,
          48.2234438
        ]
      },
      "properties": {
        "id": "donaukanal-crust-bank-cefe7d",
        "name": "Donaukanal Crust Bank",
        "status": "active",
        "photos": [
          "spots/vienna/donaukanal-crust-bank-cefe7d-c3e38fa1.webp"
        ]
      }
    },
    {
      "type": "Feature",
      "geometry": {
        "type": "Point",
        "coordinates": [
          16.3817337,
          48.1882118
        ]
      },
      "properties": {
        "id": "schweizergarten-curb-8b5851",
        "name": "Schweizergarten Curb",
        "status": "active",
        "photos": [
          "spots/vienna/schweizergarten-curb-8b5851-43730596.webp"
        ]
      }
    },
    {
      "type": "Feature",
      "geometry": {
        "type": "Point",
        "coordinates": [
          16.3824471,
          48.1826422
        ]
      },
      "properties": {
        "id": "stufen-pad-4788b8",
        "name": "Stufen Pad",
        "status": "active",
        "photos": [
          "spots/vienna/stufen-pad-4788b8-77351269.webp",
          "spots/vienna/stufen-pad-4788b8-ea0fa055.webp"
        ]
      }
    },
    {
      "type": "Feature",
      "geometry": {
        "type": "Point",
        "coordinates": [
          16.3993157,
          48.1759154
        ]
      },
      "properties": {
        "id": "4-stufen-slappy-curb-f0dc08",
        "name": "4 Stufen Slappy Curb",
        "status": "active",
        "photos": [
          "spots/vienna/4-stufen-slappy-curb-f0dc08-137bb20e.webp"
        ]
      }
    },
    {
      "type": "Feature",
      "geometry": {
        "type": "Point",
        "coordinates": [
          16.4030979,
          48.1765843
        ]
      },
      "properties": {
        "id": "low-3-stair-dropledge-abcfe1",
        "name": "Low 3 Stair Dropledge",
        "status": "active",
        "photos": [
          "spots/vienna/low-3-stair-dropledge-abcfe1-095996cb.webp",
          "spots/vienna/low-3-stair-dropledge-abcfe1-c339f734.webp"
        ]
      }
    },
    {
      "type": "Feature",
      "geometry": {
        "type": "Point",
        "coordinates": [
          16.4052503,
          48.1757324
        ]
      },
      "properties": {
        "id": "7-stair-d52b02",
        "name": "7 Stair",
        "status": "active",
        "photos": [
          "spots/vienna/7-stair-d52b02-0ba18f51.webp"
        ]
      }
    },
    {
      "type": "Feature",
      "geometry": {
        "type": "Point",
        "coordinates": [
          16.4054141,
          48.1805436
        ]
      },
      "properties": {
        "id": "deathdrop-07926d",
        "name": "Deathdrop",
        "status": "active",
        "photos": [
          "spots/vienna/deathdrop-07926d-93e91961.webp",
          "spots/vienna/deathdrop-07926d-c59e691f.webp",
          "spots/vienna/deathdrop-07926d-b2aba1dd.webp"
        ]
      }
    },
    {
      "type": "Feature",
      "geometry": {
        "type": "Point",
        "coordinates": [
          16.3348782,
          48.1913671
        ]
      },
      "properties": {
        "id": "gumpendorfer-rail-af5886",
        "name": "Gumpendorfer Rail",
        "status": "active",
        "photos": [
          "spots/vienna/gumpendorfer-rail-af5886-32ea7437.webp"
        ]
      }
    },
    {
      "type": "Feature",
      "geometry": {
        "type": "Point",
        "coordinates": [
          16.3609572,
          48.2024219
        ]
      },
      "properties": {
        "id": "platz-der-menschenrechte-8e1c1c",
        "name": "Platz der Menschenrechte",
        "status": "active",
        "photos": [
          "spots/vienna/platz-der-menschenrechte-8e1c1c-7330221a.webp"
        ]
      }
    },
    {
      "type": "Feature",
      "geometry": {
        "type": "Point",
        "coordinates": [
          16.5114415,
          48.2285512
        ]
      },
      "properties": {
        "id": "seestadt-long-ledge-7d56df",
        "name": "Seestadt Long Ledge",
        "status": "active",
        "photos": [
          "spots/vienna/seestadt-long-ledge-7d56df-ad3a0313.webp",
          "spots/vienna/seestadt-long-ledge-7d56df-94dbc876.webp",
          "spots/vienna/seestadt-long-ledge-7d56df-afad3c28.webp",
          "spots/vienna/seestadt-long-ledge-7d56df-cfc21685.webp",
          "spots/vienna/seestadt-long-ledge-7d56df-14c006c4.webp"
        ]
      }
    },
    {
      "type": "Feature",
      "geometry": {
        "type": "Point",
        "coordinates": [
          16.5106437,
          48.2295221
        ]
      },
      "properties": {
        "id": "dropledge-92237d",
        "name": "Dropledge",
        "status": "active",
        "photos": [
          "spots/vienna/dropledge-92237d-139a1075.webp",
          "spots/vienna/dropledge-92237d-8012586c.webp"
        ]
      }
    },
    {
      "type": "Feature",
      "geometry": {
        "type": "Point",
        "coordinates": [
          16.4140847,
          48.1813539
        ]
      },
      "properties": {
        "id": "high-manny-pad-20dd6d",
        "name": "High Manny Pad",
        "status": "active",
        "photos": [
          "spots/vienna/high-manny-pad-20dd6d-abd7dfe5.webp"
        ]
      }
    },
    {
      "type": "Feature",
      "geometry": {
        "type": "Point",
        "coordinates": [
          16.4126757,
          48.1807308
        ]
      },
      "properties": {
        "id": "10-stair-hubba-ea1583",
        "name": "10 Stair Hubba",
        "status": "active",
        "photos": [
          "spots/vienna/10-stair-hubba-ea1583-4bb4e330.webp",
          "spots/vienna/10-stair-hubba-ea1583-ce502a1b.webp",
          "spots/vienna/10-stair-hubba-ea1583-79148da6.webp",
          "spots/vienna/10-stair-hubba-ea1583-d0280e67.webp"
        ]
      }
    },
    {
      "type": "Feature",
      "geometry": {
        "type": "Point",
        "coordinates": [
          16.412838,
          48.1815308
        ]
      },
      "properties": {
        "id": "zippererstrasse-curb-a7f84f",
        "name": "Zippererstraße Curb",
        "status": "active",
        "photos": [
          "spots/vienna/zippererstrasse-curb-a7f84f-2aff84f7.webp",
          "spots/vienna/zippererstrasse-curb-a7f84f-c35c02dc.webp"
        ]
      }
    },
    {
      "type": "Feature",
      "geometry": {
        "type": "Point",
        "coordinates": [
          16.4125563,
          48.1811445
        ]
      },
      "properties": {
        "id": "minibump-d92936",
        "name": "Minibump",
        "status": "active",
        "photos": [
          "spots/vienna/minibump-d92936-323e6923.webp",
          "spots/vienna/minibump-d92936-2aa3cd0a.webp"
        ]
      }
    },
    {
      "type": "Feature",
      "geometry": {
        "type": "Point",
        "coordinates": [
          16.4138319,
          48.1822737
        ]
      },
      "properties": {
        "id": "zippererstrasse-schulcurbs-411c67",
        "name": "Zippererstraße Schulcurbs",
        "status": "active",
        "photos": [
          "spots/vienna/zippererstrasse-schulcurbs-411c67-9bfc9d96.webp"
        ]
      }
    },
    {
      "type": "Feature",
      "geometry": {
        "type": "Point",
        "coordinates": [
          16.4023244,
          48.1912855
        ]
      },
      "properties": {
        "id": "7-stair-c77752",
        "name": "7 Stair",
        "status": "active",
        "photos": [
          "spots/vienna/7-stair-c77752-d01cf8e0.webp"
        ]
      }
    },
    {
      "type": "Feature",
      "geometry": {
        "type": "Point",
        "coordinates": [
          16.4033768,
          48.2157469
        ]
      },
      "properties": {
        "id": "drops-8bbdf6",
        "name": "Drops",
        "status": "active",
        "photos": [
          "spots/vienna/drops-8bbdf6-3da20cc1.webp"
        ]
      }
    },
    {
      "type": "Feature",
      "geometry": {
        "type": "Point",
        "coordinates": [
          16.4079257,
          48.2132699
        ]
      },
      "properties": {
        "id": "wu-handrail-937a20",
        "name": "WU Handrail",
        "status": "active",
        "photos": [
          "spots/vienna/wu-handrail-937a20-f155a2a7.webp"
        ]
      }
    },
    {
      "type": "Feature",
      "geometry": {
        "type": "Point",
        "coordinates": [
          16.407061,
          48.2141188
        ]
      },
      "properties": {
        "id": "wu-kicker-40fb22",
        "name": "WU Kicker",
        "status": "active",
        "photos": [
          "spots/vienna/wu-kicker-40fb22-dff2fa8f.webp"
        ]
      }
    },
    {
      "type": "Feature",
      "geometry": {
        "type": "Point",
        "coordinates": [
          16.3683453,
          48.1751292
        ]
      },
      "properties": {
        "id": "laubepark-mannypad-7f6093",
        "name": "Laubepark Mannypad",
        "status": "active",
        "photos": [
          "spots/vienna/laubepark-mannypad-7f6093-67959da5.webp"
        ]
      }
    },
    {
      "type": "Feature",
      "geometry": {
        "type": "Point",
        "coordinates": [
          16.3745191,
          48.1820815
        ]
      },
      "properties": {
        "id": "columbusplatz-crusty-manny-pad-2362cb",
        "name": "Columbusplatz Crusty Manny Pad",
        "status": "active",
        "photos": [
          "spots/vienna/columbusplatz-crusty-manny-pad-2362cb-06e03d42.webp"
        ]
      }
    },
    {
      "type": "Feature",
      "geometry": {
        "type": "Point",
        "coordinates": [
          16.3743256,
          48.1844206
        ]
      },
      "properties": {
        "id": "favoritenstrasse-schiff-790c1b",
        "name": "Favoritenstraße Schiff",
        "status": "active",
        "photos": [
          "spots/vienna/favoritenstrasse-schiff-790c1b-f069bbeb.webp"
        ]
      }
    },
    {
      "type": "Feature",
      "geometry": {
        "type": "Point",
        "coordinates": [
          16.4087645,
          48.2177108
        ]
      },
      "properties": {
        "id": "messe-curb-ddef5a",
        "name": "Messe Curb",
        "status": "active",
        "photos": [
          "spots/vienna/messe-curb-ddef5a-61a979a3.webp"
        ]
      }
    },
    {
      "type": "Feature",
      "geometry": {
        "type": "Point",
        "coordinates": [
          16.3510902,
          48.1807457
        ]
      },
      "properties": {
        "id": "eichenstrasse-5-und-8-stair-f10c8f",
        "name": "Eichenstraße 5 und 8 Stair",
        "status": "active",
        "photos": [
          "spots/vienna/eichenstrasse-5-und-8-stair-f10c8f-73dedcdf.webp"
        ]
      }
    },
    {
      "type": "Feature",
      "geometry": {
        "type": "Point",
        "coordinates": [
          16.3383729,
          48.1849576
        ]
      },
      "properties": {
        "id": "laengenfeldgasse-zaun-gap-53180f",
        "name": "Längenfeldgasse Zaun Gap",
        "status": "active",
        "photos": [
          "spots/vienna/laengenfeldgasse-zaun-gap-53180f-d054fbf2.webp",
          "spots/vienna/laengenfeldgasse-zaun-gap-53180f-e770d9da.webp",
          "spots/vienna/laengenfeldgasse-zaun-gap-53180f-9bdc223a.webp"
        ]
      }
    },
    {
      "type": "Feature",
      "geometry": {
        "type": "Point",
        "coordinates": [
          16.3694065,
          48.2183401
        ]
      },
      "properties": {
        "id": "stromkasten-low-to-high-ledge-401486",
        "name": "Stromkasten Low to High Ledge",
        "status": "active",
        "photos": [
          "spots/vienna/stromkasten-low-to-high-ledge-401486-82a292cf.webp",
          "spots/vienna/stromkasten-low-to-high-ledge-401486-cf668fa1.webp",
          "spots/vienna/stromkasten-low-to-high-ledge-401486-193fac0b.webp"
        ]
      }
    },
    {
      "type": "Feature",
      "geometry": {
        "type": "Point",
        "coordinates": [
          16.4186267,
          48.1854416
        ]
      },
      "properties": {
        "id": "gasometer-8er-577e4b",
        "name": "Gasometer 8er",
        "status": "active",
        "photos": [
          "spots/vienna/gasometer-8er-577e4b-60811e2b.webp",
          "spots/vienna/gasometer-8er-577e4b-04bbc778.webp"
        ]
      }
    },
    {
      "type": "Feature",
      "geometry": {
        "type": "Point",
        "coordinates": [
          16.3786238,
          48.1738577
        ]
      },
      "properties": {
        "id": "reumannplatz-42f32f",
        "name": "Reumannplatz",
        "status": "active",
        "photos": [
          "spots/vienna/reumannplatz-42f32f-fef65a69.webp",
          "spots/vienna/reumannplatz-42f32f-e4e0b6d9.webp",
          "spots/vienna/reumannplatz-42f32f-de31a4c1.webp",
          "spots/vienna/reumannplatz-42f32f-1b9b398f.webp",
          "spots/vienna/reumannplatz-42f32f-5114d16e.webp"
        ]
      }
    },
    {
      "type": "Feature",
      "geometry": {
        "type": "Point",
        "coordinates": [
          16.4214953,
          48.2098787
        ]
      },
      "properties": {
        "id": "stadion-manny-pads-dc0047",
        "name": "Stadion Manny Pads",
        "status": "active",
        "photos": [
          "spots/vienna/stadion-manny-pads-dc0047-4cffbdfa.webp",
          "spots/vienna/stadion-manny-pads-dc0047-935b2336.webp",
          "spots/vienna/stadion-manny-pads-dc0047-a9be378a.webp"
        ]
      }
    },
    {
      "type": "Feature",
      "geometry": {
        "type": "Point",
        "coordinates": [
          16.4233892,
          48.2083649
        ]
      },
      "properties": {
        "id": "stadion-slappy-up-curb-af227d",
        "name": "Stadion Slappy Up Curb",
        "status": "active",
        "photos": [
          "spots/vienna/stadion-slappy-up-curb-af227d-695499a2.webp"
        ]
      }
    },
    {
      "type": "Feature",
      "geometry": {
        "type": "Point",
        "coordinates": [
          16.34753,
          48.1846713
        ]
      },
      "properties": {
        "id": "livio-s-12er-411138",
        "name": "Livio's 12er",
        "status": "active",
        "photos": [
          "spots/vienna/livio-s-12er-411138-ca072e9d.webp"
        ]
      }
    },
    {
      "type": "Feature",
      "geometry": {
        "type": "Point",
        "coordinates": [
          16.3931662,
          48.1716285
        ]
      },
      "properties": {
        "id": "rooftop-bank-0a5df5",
        "name": "Rooftop Bank",
        "status": "active",
        "photos": [
          "spots/vienna/rooftop-bank-0a5df5-65e8db6a.webp"
        ]
      }
    },
    {
      "type": "Feature",
      "geometry": {
        "type": "Point",
        "coordinates": [
          16.3956596,
          48.1727821
        ]
      },
      "properties": {
        "id": "bump-to-bump-37692f",
        "name": "Bump to Bump",
        "status": "active",
        "photos": [
          "spots/vienna/bump-to-bump-37692f-0e93be23.webp",
          "spots/vienna/bump-to-bump-37692f-dafd6a33.webp"
        ]
      }
    },
    {
      "type": "Feature",
      "geometry": {
        "type": "Point",
        "coordinates": [
          16.3913246,
          48.1714434
        ]
      },
      "properties": {
        "id": "garagendropledge-edb3cb",
        "name": "Garagendropledge",
        "status": "active",
        "photos": [
          "spots/vienna/garagendropledge-edb3cb-c97f0a61.webp",
          "spots/vienna/garagendropledge-edb3cb-b842cdc8.webp"
        ]
      }
    },
    {
      "type": "Feature",
      "geometry": {
        "type": "Point",
        "coordinates": [
          16.3897919,
          48.1714759
        ]
      },
      "properties": {
        "id": "stufen-low-to-high-ledge-7a77d2",
        "name": "Stufen Low To High Ledge",
        "status": "active",
        "photos": [
          "spots/vienna/stufen-low-to-high-ledge-7a77d2-44493423.webp",
          "spots/vienna/stufen-low-to-high-ledge-7a77d2-aca1f057.webp"
        ]
      }
    },
    {
      "type": "Feature",
      "geometry": {
        "type": "Point",
        "coordinates": [
          16.3893592,
          48.1716458
        ]
      },
      "properties": {
        "id": "flo-erks-gap-a6dd00",
        "name": "Flo Erks Gap",
        "status": "active",
        "photos": [
          "spots/vienna/flo-erks-gap-a6dd00-0a6d1eee.webp",
          "spots/vienna/flo-erks-gap-a6dd00-8fa17639.webp",
          "spots/vienna/flo-erks-gap-a6dd00-723407af.webp"
        ]
      }
    },
    {
      "type": "Feature",
      "geometry": {
        "type": "Point",
        "coordinates": [
          16.3682265,
          48.195434
        ]
      },
      "properties": {
        "id": "ueberdachtes-holzcurb-23bf20",
        "name": "Überdachtes Holzcurb",
        "status": "active",
        "photos": [
          "spots/vienna/ueberdachtes-holzcurb-23bf20-ce160925.webp"
        ]
      }
    },
    {
      "type": "Feature",
      "geometry": {
        "type": "Point",
        "coordinates": [
          16.2945031,
          48.1785963
        ]
      },
      "properties": {
        "id": "7-stair-line-e2ae79",
        "name": "7 Stair Line",
        "status": "active",
        "photos": [
          "spots/vienna/7-stair-line-e2ae79-7dc24733.webp",
          "spots/vienna/7-stair-line-e2ae79-8f7825c4.webp"
        ]
      }
    },
    {
      "type": "Feature",
      "geometry": {
        "type": "Point",
        "coordinates": [
          16.3239044,
          48.2245043
        ]
      },
      "properties": {
        "id": "lidlpark-stair-ledge-1b6f9c",
        "name": "Lidlpark Stair/Ledge",
        "status": "active",
        "photos": [
          "spots/vienna/lidlpark-stair-ledge-1b6f9c-32d3f593.webp",
          "spots/vienna/lidlpark-stair-ledge-1b6f9c-1ca815b6.webp"
        ]
      }
    },
    {
      "type": "Feature",
      "geometry": {
        "type": "Point",
        "coordinates": [
          16.3234471,
          48.2247697
        ]
      },
      "properties": {
        "id": "lidlpark-big-handrail-26d76d",
        "name": "Lidlpark Big Handrail",
        "status": "active",
        "photos": [
          "spots/vienna/lidlpark-big-handrail-26d76d-23ec791f.webp",
          "spots/vienna/lidlpark-big-handrail-26d76d-32a46caf.webp",
          "spots/vienna/lidlpark-big-handrail-26d76d-2ec9cd1b.webp"
        ]
      }
    },
    {
      "type": "Feature",
      "geometry": {
        "type": "Point",
        "coordinates": [
          16.3927795,
          48.2218393
        ]
      },
      "properties": {
        "id": "7-stair-rail-0a8edd",
        "name": "7 Stair Rail",
        "status": "active",
        "photos": [
          "spots/vienna/7-stair-rail-0a8edd-84e6adca.webp"
        ]
      }
    },
    {
      "type": "Feature",
      "geometry": {
        "type": "Point",
        "coordinates": [
          16.394027,
          48.2244146
        ]
      },
      "properties": {
        "id": "long-4-stair-5c4e74",
        "name": "Long 4 Stair",
        "status": "active",
        "photos": [
          "spots/vienna/long-4-stair-5c4e74-c09da460.webp",
          "spots/vienna/long-4-stair-5c4e74-143e6794.webp"
        ]
      }
    },
    {
      "type": "Feature",
      "geometry": {
        "type": "Point",
        "coordinates": [
          16.404669,
          48.2180946
        ]
      },
      "properties": {
        "id": "rails-f3b498",
        "name": "Rails",
        "status": "active",
        "photos": [
          "spots/vienna/rails-f3b498-9e21c705.webp"
        ]
      }
    },
    {
      "type": "Feature",
      "geometry": {
        "type": "Point",
        "coordinates": [
          16.4051728,
          48.2196184
        ]
      },
      "properties": {
        "id": "upledge-bf224c",
        "name": "Upledge",
        "status": "active",
        "photos": [
          "spots/vienna/upledge-bf224c-7aafb0ea.webp",
          "spots/vienna/upledge-bf224c-2eb46824.webp"
        ]
      }
    },
    {
      "type": "Feature",
      "geometry": {
        "type": "Point",
        "coordinates": [
          16.3556835,
          48.1696715
        ]
      },
      "properties": {
        "id": "minibank-954039",
        "name": "Minibank",
        "status": "active",
        "photos": [
          "spots/vienna/minibank-954039-73e2196e.webp",
          "spots/vienna/minibank-954039-b32b5daf.webp"
        ]
      }
    },
    {
      "type": "Feature",
      "geometry": {
        "type": "Point",
        "coordinates": [
          16.3953341,
          48.2250427
        ]
      },
      "properties": {
        "id": "banana-ledge-044a88",
        "name": "Banana Ledge",
        "status": "active",
        "photos": [
          "spots/vienna/banana-ledge-044a88-6e1c7b11.webp",
          "spots/vienna/banana-ledge-044a88-ecce77cb.webp"
        ]
      }
    },
    {
      "type": "Feature",
      "geometry": {
        "type": "Point",
        "coordinates": [
          16.3899227,
          48.2234587
        ]
      },
      "properties": {
        "id": "curb-holzbaenke-b0938b",
        "name": "Curb/Holzbänke",
        "status": "active",
        "photos": [
          "spots/vienna/curb-holzbaenke-b0938b-1ecbdb4e.webp",
          "spots/vienna/curb-holzbaenke-b0938b-777cc8d7.webp"
        ]
      }
    },
    {
      "type": "Feature",
      "geometry": {
        "type": "Point",
        "coordinates": [
          16.3903527,
          48.2226533
        ]
      },
      "properties": {
        "id": "curb-mannypads-46f9cf",
        "name": "Curb/Mannypads",
        "status": "active",
        "photos": [
          "spots/vienna/curb-mannypads-46f9cf-31a3ba71.webp",
          "spots/vienna/curb-mannypads-46f9cf-64dd732e.webp",
          "spots/vienna/curb-mannypads-46f9cf-8b044f6c.webp"
        ]
      }
    },
    {
      "type": "Feature",
      "geometry": {
        "type": "Point",
        "coordinates": [
          16.2547931,
          48.1993778
        ]
      },
      "properties": {
        "id": "wienfluss-bank-270cdc",
        "name": "Wienfluss Bank",
        "status": "active",
        "photos": [
          "spots/vienna/wienfluss-bank-270cdc-a77d047a.webp"
        ]
      }
    },
    {
      "type": "Feature",
      "geometry": {
        "type": "Point",
        "coordinates": [
          16.2917927,
          48.1905398
        ]
      },
      "properties": {
        "id": "wienzeile-3-block-51002b",
        "name": "Wienzeile 3 Block",
        "status": "active",
        "photos": [
          "spots/vienna/wienzeile-3-block-51002b-a39f047b.webp"
        ]
      }
    },
    {
      "type": "Feature",
      "geometry": {
        "type": "Point",
        "coordinates": [
          16.3417107,
          48.1850332
        ]
      },
      "properties": {
        "id": "meidling-rails-52671e",
        "name": "Meidling Rails",
        "status": "active",
        "photos": [
          "spots/vienna/meidling-rails-52671e-1fd9a5bb.webp",
          "spots/vienna/meidling-rails-52671e-f94777c5.webp"
        ]
      }
    },
    {
      "type": "Feature",
      "geometry": {
        "type": "Point",
        "coordinates": [
          16.3864642,
          48.2161082
        ]
      },
      "properties": {
        "id": "nestroyplatz-7-stair-rail-7442be",
        "name": "Nestroyplatz 7 Stair Rail",
        "status": "active",
        "photos": [
          "spots/vienna/nestroyplatz-7-stair-rail-7442be-c8f73ac8.webp",
          "spots/vienna/nestroyplatz-7-stair-rail-7442be-6b1b252e.webp"
        ]
      }
    },
    {
      "type": "Feature",
      "geometry": {
        "type": "Point",
        "coordinates": [
          16.3856702,
          48.2173756
        ]
      },
      "properties": {
        "id": "low-to-high-ledge-a1ea4f",
        "name": "Low To High Ledge",
        "status": "active",
        "photos": [
          "spots/vienna/low-to-high-ledge-a1ea4f-d7b17579.webp"
        ]
      }
    },
    {
      "type": "Feature",
      "geometry": {
        "type": "Point",
        "coordinates": [
          16.3797378,
          48.2198237
        ]
      },
      "properties": {
        "id": "augarten-crusty-curbs-5f3015",
        "name": "Augarten Crusty Curbs",
        "status": "active",
        "photos": [
          "spots/vienna/augarten-crusty-curbs-5f3015-b0f4e98d.webp"
        ]
      }
    },
    {
      "type": "Feature",
      "geometry": {
        "type": "Point",
        "coordinates": [
          16.3723192,
          48.2228527
        ]
      },
      "properties": {
        "id": "little-bump-62c2cb",
        "name": "Little Bump",
        "status": "active",
        "photos": [
          "spots/vienna/little-bump-62c2cb-d6996bd8.webp",
          "spots/vienna/little-bump-62c2cb-be066509.webp"
        ]
      }
    },
    {
      "type": "Feature",
      "geometry": {
        "type": "Point",
        "coordinates": [
          16.3697657,
          48.2238435
        ]
      },
      "properties": {
        "id": "bump-to-rail-50d0f3",
        "name": "Bump to Rail",
        "status": "active",
        "photos": [
          "spots/vienna/bump-to-rail-50d0f3-1ec67e5e.webp"
        ]
      }
    },
    {
      "type": "Feature",
      "geometry": {
        "type": "Point",
        "coordinates": [
          16.2728502,
          48.1990635
        ]
      },
      "properties": {
        "id": "big-stairset-1e5713",
        "name": "Big Stairset",
        "status": "active",
        "photos": [
          "spots/vienna/big-stairset-1e5713-15747b87.webp",
          "spots/vienna/big-stairset-1e5713-a14ab3f3.webp"
        ]
      }
    },
    {
      "type": "Feature",
      "geometry": {
        "type": "Point",
        "coordinates": [
          16.3136291,
          48.1873441
        ]
      },
      "properties": {
        "id": "schoenbrunn-granit-ledges-17e685",
        "name": "Schönbrunn Granit Ledges",
        "status": "active",
        "photos": [
          "spots/vienna/schoenbrunn-granit-ledges-17e685-a2fc0c98.webp",
          "spots/vienna/schoenbrunn-granit-ledges-17e685-66372b9e.webp"
        ]
      }
    },
    {
      "type": "Feature",
      "geometry": {
        "type": "Point",
        "coordinates": [
          16.3640444,
          48.187617
        ]
      },
      "properties": {
        "id": "little-marble-curb-ee9b42",
        "name": "Little Marble Curb",
        "status": "active",
        "photos": [
          "spots/vienna/little-marble-curb-ee9b42-b5378782.webp"
        ]
      }
    },
    {
      "type": "Feature",
      "geometry": {
        "type": "Point",
        "coordinates": [
          16.3861958,
          48.1803496
        ]
      },
      "properties": {
        "id": "sonnwendviertel-handrail-1fe1a9",
        "name": "Sonnwendviertel Handrail",
        "status": "active",
        "photos": [
          "spots/vienna/sonnwendviertel-handrail-1fe1a9-32882ddb.webp",
          "spots/vienna/sonnwendviertel-handrail-1fe1a9-bb3b4e67.webp"
        ]
      }
    },
    {
      "type": "Feature",
      "geometry": {
        "type": "Point",
        "coordinates": [
          16.3811471,
          48.1837224
        ]
      },
      "properties": {
        "id": "gummibank-curb-9d1613",
        "name": "Gummibank + Curb",
        "status": "active",
        "photos": [
          "spots/vienna/gummibank-curb-9d1613-2634699b.webp",
          "spots/vienna/gummibank-curb-9d1613-0ee5b220.webp",
          "spots/vienna/gummibank-curb-9d1613-2f1c3267.webp",
          "spots/vienna/gummibank-curb-9d1613-fcc4ccf7.webp"
        ]
      }
    },
    {
      "type": "Feature",
      "geometry": {
        "type": "Point",
        "coordinates": [
          16.4318243,
          48.2056803
        ]
      },
      "properties": {
        "id": "donaumarina-stairs-bab794",
        "name": "Donaumarina Stairs",
        "status": "active",
        "photos": [
          "spots/vienna/donaumarina-stairs-bab794-0c0545e3.webp",
          "spots/vienna/donaumarina-stairs-bab794-56e43a59.webp"
        ]
      }
    },
    {
      "type": "Feature",
      "geometry": {
        "type": "Point",
        "coordinates": [
          16.4273738,
          48.208897
        ]
      },
      "properties": {
        "id": "das-anabol-ledge-812827",
        "name": "Das Anabol Ledge",
        "status": "active",
        "photos": [
          "spots/vienna/das-anabol-ledge-812827-02583199.webp"
        ]
      }
    },
    {
      "type": "Feature",
      "geometry": {
        "type": "Point",
        "coordinates": [
          16.4226948,
          48.2092425
        ]
      },
      "properties": {
        "id": "stadion-14er-48d415",
        "name": "Stadion 14er",
        "status": "active",
        "photos": [
          "spots/vienna/stadion-14er-48d415-afcf617d.webp"
        ]
      }
    },
    {
      "type": "Feature",
      "geometry": {
        "type": "Point",
        "coordinates": [
          16.4070186,
          48.1875992
        ]
      },
      "properties": {
        "id": "st-marx-138510",
        "name": "St Marx",
        "status": "active",
        "photos": [
          "spots/vienna/st-marx-138510-441c5ef3.webp"
        ]
      }
    },
    {
      "type": "Feature",
      "geometry": {
        "type": "Point",
        "coordinates": [
          16.3479501,
          48.1882615
        ]
      },
      "properties": {
        "id": "hundsturm-flatgap-d15244",
        "name": "Hundsturm Flatgap",
        "status": "active",
        "photos": [
          "spots/vienna/hundsturm-flatgap-d15244-1e4c8718.webp",
          "spots/vienna/hundsturm-flatgap-d15244-c4737382.webp",
          "spots/vienna/hundsturm-flatgap-d15244-1c0e57ec.webp"
        ]
      }
    },
    {
      "type": "Feature",
      "geometry": {
        "type": "Point",
        "coordinates": [
          16.3463725,
          48.1869017
        ]
      },
      "properties": {
        "id": "hundsturm-9-stair-497c02",
        "name": "Hundsturm 9 Stair",
        "status": "active",
        "photos": [
          "spots/vienna/hundsturm-9-stair-497c02-deb439e8.webp",
          "spots/vienna/hundsturm-9-stair-497c02-d9dda63f.webp"
        ]
      }
    },
    {
      "type": "Feature",
      "geometry": {
        "type": "Point",
        "coordinates": [
          16.3936272,
          48.2029974
        ]
      },
      "properties": {
        "id": "habibis-manny-pad-904118",
        "name": "Habibis Manny Pad",
        "status": "active",
        "photos": [
          "spots/vienna/habibis-manny-pad-904118-14b563c3.webp",
          "spots/vienna/habibis-manny-pad-904118-c28749fc.webp",
          "spots/vienna/habibis-manny-pad-904118-2a7df2b1.webp",
          "spots/vienna/habibis-manny-pad-904118-c8dab205.webp"
        ]
      }
    },
    {
      "type": "Feature",
      "geometry": {
        "type": "Point",
        "coordinates": [
          16.3924041,
          48.2032495
        ]
      },
      "properties": {
        "id": "grete-jost-park-248a98",
        "name": "Grete Jost Park",
        "status": "active",
        "photos": [
          "spots/vienna/grete-jost-park-248a98-7bc5fbe4.webp",
          "spots/vienna/grete-jost-park-248a98-6b8d9982.webp",
          "spots/vienna/grete-jost-park-248a98-9a453c19.webp"
        ]
      }
    },
    {
      "type": "Feature",
      "geometry": {
        "type": "Point",
        "coordinates": [
          16.3643384,
          48.1876695
        ]
      },
      "properties": {
        "id": "little-ny-8a2a29",
        "name": "Little NY",
        "status": "active",
        "photos": [
          "spots/vienna/little-ny-8a2a29-a052652a.webp",
          "spots/vienna/little-ny-8a2a29-d2d855ed.webp",
          "spots/vienna/little-ny-8a2a29-b260ffb1.webp",
          "spots/vienna/little-ny-8a2a29-5e64cca7.webp",
          "spots/vienna/little-ny-8a2a29-e99dc6d8.webp",
          "spots/vienna/little-ny-8a2a29-983d0e58.webp"
        ]
      }
    },
    {
      "type": "Feature",
      "geometry": {
        "type": "Point",
        "coordinates": [
          16.4078243,
          48.2176391
        ]
      },
      "properties": {
        "id": "messe-8-847b8b",
        "name": "Messe 8",
        "status": "active",
        "photos": [
          "spots/vienna/messe-8-847b8b-bc2d1467.webp"
        ]
      }
    },
    {
      "type": "Feature",
      "geometry": {
        "type": "Point",
        "coordinates": [
          16.3770105,
          48.1558733
        ]
      },
      "properties": {
        "id": "kirchenstufencurb-de71ab",
        "name": "Kirchenstufencurb",
        "status": "active",
        "photos": [
          "spots/vienna/kirchenstufencurb-de71ab-17590ace.webp"
        ]
      }
    },
    {
      "type": "Feature",
      "geometry": {
        "type": "Point",
        "coordinates": [
          16.3822488,
          48.1537449
        ]
      },
      "properties": {
        "id": "alaudagasse-curb-ueber-bank-1ae967",
        "name": "Alaudagasse Curb über Bank",
        "status": "active",
        "photos": [
          "spots/vienna/alaudagasse-curb-ueber-bank-1ae967-43d81713.webp"
        ]
      }
    },
    {
      "type": "Feature",
      "geometry": {
        "type": "Point",
        "coordinates": [
          16.370838,
          48.2006586
        ]
      },
      "properties": {
        "id": "karlsplatz-big-bim-gap-e0a8e6",
        "name": "Karlsplatz Big Bim Gap",
        "status": "active",
        "photos": [
          "spots/vienna/karlsplatz-big-bim-gap-e0a8e6-cb8d7b00.webp",
          "spots/vienna/karlsplatz-big-bim-gap-e0a8e6-5df55323.webp"
        ]
      }
    },
    {
      "type": "Feature",
      "geometry": {
        "type": "Point",
        "coordinates": [
          16.3673968,
          48.1983572
        ]
      },
      "properties": {
        "id": "tu-4-stair-84c053",
        "name": "TU 4 Stair",
        "status": "active",
        "photos": [
          "spots/vienna/tu-4-stair-84c053-7e4f6e34.webp",
          "spots/vienna/tu-4-stair-84c053-0fc2ba2c.webp"
        ]
      }
    },
    {
      "type": "Feature",
      "geometry": {
        "type": "Point",
        "coordinates": [
          16.423139,
          48.2099807
        ]
      },
      "properties": {
        "id": "lueftungsschacht-gap-d06ab2",
        "name": "Lüftungsschacht Gap",
        "status": "active",
        "photos": [
          "spots/vienna/lueftungsschacht-gap-d06ab2-edb31ebb.webp",
          "spots/vienna/lueftungsschacht-gap-d06ab2-f5928996.webp"
        ]
      }
    },
    {
      "type": "Feature",
      "geometry": {
        "type": "Point",
        "coordinates": [
          16.4166385,
          48.2128556
        ]
      },
      "properties": {
        "id": "curb-18f1db",
        "name": "Curb",
        "status": "active",
        "photos": [
          "spots/vienna/curb-18f1db-82bbf7eb.webp"
        ]
      }
    },
    {
      "type": "Feature",
      "geometry": {
        "type": "Point",
        "coordinates": [
          16.33009,
          48.1962279
        ]
      },
      "properties": {
        "id": "sir-karl-popper-schule-741a94",
        "name": "Sir Karl Popper Schule",
        "status": "active",
        "photos": [
          "spots/vienna/sir-karl-popper-schule-741a94-5b39a0bb.webp",
          "spots/vienna/sir-karl-popper-schule-741a94-6bd5fc57.webp",
          "spots/vienna/sir-karl-popper-schule-741a94-272c81fe.webp",
          "spots/vienna/sir-karl-popper-schule-741a94-26a859d2.webp",
          "spots/vienna/sir-karl-popper-schule-741a94-a60e9b9e.webp",
          "spots/vienna/sir-karl-popper-schule-741a94-0f6f4572.webp"
        ]
      }
    },
    {
      "type": "Feature",
      "geometry": {
        "type": "Point",
        "coordinates": [
          16.3263391,
          48.1958777
        ]
      },
      "properties": {
        "id": "ditch-2f5ae6",
        "name": "Ditch",
        "status": "active",
        "photos": [
          "spots/vienna/ditch-2f5ae6-ab83cbc7.webp",
          "spots/vienna/ditch-2f5ae6-0a6e0e7f.webp",
          "spots/vienna/ditch-2f5ae6-54d87ea8.webp"
        ]
      }
    },
    {
      "type": "Feature",
      "geometry": {
        "type": "Point",
        "coordinates": [
          16.3514845,
          48.2060414
        ]
      },
      "properties": {
        "id": "10-stair-7483af",
        "name": "10 Stair",
        "status": "active",
        "photos": [
          "spots/vienna/10-stair-7483af-ea5a0ba6.webp",
          "spots/vienna/10-stair-7483af-d734e491.webp"
        ]
      }
    },
    {
      "type": "Feature",
      "geometry": {
        "type": "Point",
        "coordinates": [
          16.3386716,
          48.1959615
        ]
      },
      "properties": {
        "id": "westbahnhof-8er-53a524",
        "name": "Westbahnhof 8er",
        "status": "active",
        "photos": [
          "spots/vienna/westbahnhof-8er-53a524-f57c6aab.webp",
          "spots/vienna/westbahnhof-8er-53a524-bb3da62d.webp",
          "spots/vienna/westbahnhof-8er-53a524-5d9703a5.webp"
        ]
      }
    },
    {
      "type": "Feature",
      "geometry": {
        "type": "Point",
        "coordinates": [
          16.3899928,
          48.2223452
        ]
      },
      "properties": {
        "id": "ny-gap-over-rail-9716b6",
        "name": "NY Gap over Rail",
        "status": "active",
        "photos": [
          "spots/vienna/ny-gap-over-rail-9716b6-a9ba450a.webp",
          "spots/vienna/ny-gap-over-rail-9716b6-8f9ccc3d.webp"
        ]
      }
    },
    {
      "type": "Feature",
      "geometry": {
        "type": "Point",
        "coordinates": [
          16.3908224,
          48.2190546
        ]
      },
      "properties": {
        "id": "praterstern-metalbox-9ee641",
        "name": "Praterstern Metalbox",
        "status": "active",
        "photos": [
          "spots/vienna/praterstern-metalbox-9ee641-a42115c0.webp",
          "spots/vienna/praterstern-metalbox-9ee641-b410e060.webp"
        ]
      }
    },
    {
      "type": "Feature",
      "geometry": {
        "type": "Point",
        "coordinates": [
          16.3928675,
          48.2227255
        ]
      },
      "properties": {
        "id": "nordbahn-ledge-b8f0d5",
        "name": "Nordbahn Ledge",
        "status": "active",
        "photos": [
          "spots/vienna/nordbahn-ledge-b8f0d5-e2de950f.webp",
          "spots/vienna/nordbahn-ledge-b8f0d5-beec8c97.webp"
        ]
      }
    },
    {
      "type": "Feature",
      "geometry": {
        "type": "Point",
        "coordinates": [
          16.3935124,
          48.223268
        ]
      },
      "properties": {
        "id": "brunnen-antispot-pads-3e5411",
        "name": "Brunnen Antispot Pads",
        "status": "active",
        "photos": [
          "spots/vienna/brunnen-antispot-pads-3e5411-4414afde.webp"
        ]
      }
    },
    {
      "type": "Feature",
      "geometry": {
        "type": "Point",
        "coordinates": [
          16.3747362,
          48.1756135
        ]
      },
      "properties": {
        "id": "quick-feet-flatgaps-2f1df1",
        "name": "Quick Feet Flatgaps",
        "status": "active",
        "photos": [
          "spots/vienna/quick-feet-flatgaps-2f1df1-ad4aa5a3.webp",
          "spots/vienna/quick-feet-flatgaps-2f1df1-f1ba20ec.webp",
          "spots/vienna/quick-feet-flatgaps-2f1df1-dd85ea93.webp"
        ]
      }
    },
    {
      "type": "Feature",
      "geometry": {
        "type": "Point",
        "coordinates": [
          16.380126,
          48.1868947
        ]
      },
      "properties": {
        "id": "sparkasse-plaza-ffb171",
        "name": "Sparkasse Plaza",
        "status": "active",
        "photos": [
          "spots/vienna/sparkasse-plaza-ffb171-efad5295.webp",
          "spots/vienna/sparkasse-plaza-ffb171-3390de14.webp",
          "spots/vienna/sparkasse-plaza-ffb171-aa9aa751.webp",
          "spots/vienna/sparkasse-plaza-ffb171-beba5415.webp"
        ]
      }
    },
    {
      "type": "Feature",
      "geometry": {
        "type": "Point",
        "coordinates": [
          16.3784409,
          48.1865921
        ]
      },
      "properties": {
        "id": "uprail-radstaender-96c7d6",
        "name": "Uprail Radständer",
        "status": "active",
        "photos": [
          "spots/vienna/uprail-radstaender-96c7d6-596d39bc.webp"
        ]
      }
    },
    {
      "type": "Feature",
      "geometry": {
        "type": "Point",
        "coordinates": [
          16.3790638,
          48.1860809
        ]
      },
      "properties": {
        "id": "quartier-belvedere-curbs-2549a1",
        "name": "Quartier Belvedere Curbs",
        "status": "active",
        "photos": [
          "spots/vienna/quartier-belvedere-curbs-2549a1-0a8a8980.webp"
        ]
      }
    },
    {
      "type": "Feature",
      "geometry": {
        "type": "Point",
        "coordinates": [
          16.4084951,
          48.2194948
        ]
      },
      "properties": {
        "id": "vorgartenstrasse-blocks-fabae0",
        "name": "Vorgartenstraße Blocks",
        "status": "active",
        "photos": [
          "spots/vienna/vorgartenstrasse-blocks-fabae0-f4b52663.webp",
          "spots/vienna/vorgartenstrasse-blocks-fabae0-58209fef.webp",
          "spots/vienna/vorgartenstrasse-blocks-fabae0-bcec66db.webp",
          "spots/vienna/vorgartenstrasse-blocks-fabae0-9878c9a4.webp"
        ]
      }
    },
    {
      "type": "Feature",
      "geometry": {
        "type": "Point",
        "coordinates": [
          16.4068395,
          48.2203773
        ]
      },
      "properties": {
        "id": "gap-be8209",
        "name": "Gap",
        "status": "active",
        "photos": [
          "spots/vienna/gap-be8209-b67f5613.webp",
          "spots/vienna/gap-be8209-5c80fb74.webp"
        ]
      }
    },
    {
      "type": "Feature",
      "geometry": {
        "type": "Point",
        "coordinates": [
          16.3625957,
          48.1856541
        ]
      },
      "properties": {
        "id": "wiedner-hauptstrasse-red-blocks-ed4077",
        "name": "Wiedner Hauptstraße Red Blocks",
        "status": "active",
        "photos": [
          "spots/vienna/wiedner-hauptstrasse-red-blocks-ed4077-9857b1b7.webp"
        ]
      }
    },
    {
      "type": "Feature",
      "geometry": {
        "type": "Point",
        "coordinates": [
          16.367801,
          48.181704
        ]
      },
      "properties": {
        "id": "wallride-23df8e",
        "name": "Wallride",
        "status": "active",
        "photos": [
          "spots/vienna/wallride-23df8e-26ae47fe.webp"
        ]
      }
    },
    {
      "type": "Feature",
      "geometry": {
        "type": "Point",
        "coordinates": [
          16.3521991,
          48.1882959
        ]
      },
      "properties": {
        "id": "reinprechtsdorfer-big-gap-9acf45",
        "name": "Reinprechtsdorfer Big Gap",
        "status": "active",
        "photos": [
          "spots/vienna/reinprechtsdorfer-big-gap-9acf45-aaf94003.webp",
          "spots/vienna/reinprechtsdorfer-big-gap-9acf45-b1460fd7.webp",
          "spots/vienna/reinprechtsdorfer-big-gap-9acf45-47b3e6d1.webp"
        ]
      }
    },
    {
      "type": "Feature",
      "geometry": {
        "type": "Point",
        "coordinates": [
          16.3253042,
          48.1974602
        ]
      },
      "properties": {
        "id": "small-handrail-12f44e",
        "name": "Small Handrail",
        "status": "active",
        "photos": [
          "spots/vienna/small-handrail-12f44e-b945c014.webp",
          "spots/vienna/small-handrail-12f44e-d12cbcb8.webp"
        ]
      }
    },
    {
      "type": "Feature",
      "geometry": {
        "type": "Point",
        "coordinates": [
          16.3609254,
          48.1813613
        ]
      },
      "properties": {
        "id": "crusty-rail-f091ec",
        "name": "Crusty Rail",
        "status": "active",
        "photos": [
          "spots/vienna/crusty-rail-f091ec-f091dd33.webp"
        ]
      }
    },
    {
      "type": "Feature",
      "geometry": {
        "type": "Point",
        "coordinates": [
          16.3592178,
          48.181053
        ]
      },
      "properties": {
        "id": "two-blocks-95790f",
        "name": "Two Blocks",
        "status": "active",
        "photos": [
          "spots/vienna/two-blocks-95790f-798f6f54.webp"
        ]
      }
    },
    {
      "type": "Feature",
      "geometry": {
        "type": "Point",
        "coordinates": [
          16.4695746,
          48.1551338
        ]
      },
      "properties": {
        "id": "handrail-0c677c",
        "name": "Handrail",
        "status": "active",
        "photos": [
          "spots/vienna/handrail-0c677c-11fc7ce9.webp",
          "spots/vienna/handrail-0c677c-38e327d9.webp",
          "spots/vienna/handrail-0c677c-fdfe52e2.webp",
          "spots/vienna/handrail-0c677c-049a05a7.webp"
        ]
      }
    },
    {
      "type": "Feature",
      "geometry": {
        "type": "Point",
        "coordinates": [
          16.4732354,
          48.1559398
        ]
      },
      "properties": {
        "id": "barriers-3564af",
        "name": "Barriers",
        "status": "active",
        "photos": [
          "spots/vienna/barriers-3564af-cf23a819.webp",
          "spots/vienna/barriers-3564af-41b633c0.webp",
          "spots/vienna/barriers-3564af-0260e3a4.webp"
        ]
      }
    },
    {
      "type": "Feature",
      "geometry": {
        "type": "Point",
        "coordinates": [
          16.4703419,
          48.1581254
        ]
      },
      "properties": {
        "id": "11-stair-41a157",
        "name": "11 Stair",
        "status": "active",
        "photos": [
          "spots/vienna/11-stair-41a157-4a0caa0f.webp",
          "spots/vienna/11-stair-41a157-d3863177.webp"
        ]
      }
    },
    {
      "type": "Feature",
      "geometry": {
        "type": "Point",
        "coordinates": [
          16.4264333,
          48.1680251
        ]
      },
      "properties": {
        "id": "wave-ledge-7c2dba",
        "name": "Wave Ledge",
        "status": "active",
        "photos": [
          "spots/vienna/wave-ledge-7c2dba-75752560.webp"
        ]
      }
    },
    {
      "type": "Feature",
      "geometry": {
        "type": "Point",
        "coordinates": [
          16.3838721,
          48.22374
        ]
      },
      "properties": {
        "id": "brg-lessinggasse-7bbe62",
        "name": "BRG Lessinggasse",
        "status": "active",
        "photos": [
          "spots/vienna/brg-lessinggasse-7bbe62-c189f6f4.webp",
          "spots/vienna/brg-lessinggasse-7bbe62-ca9fe6b0.webp",
          "spots/vienna/brg-lessinggasse-7bbe62-fdaf5a99.webp",
          "spots/vienna/brg-lessinggasse-7bbe62-d6d5d7c6.webp",
          "spots/vienna/brg-lessinggasse-7bbe62-4d5721ea.webp",
          "spots/vienna/brg-lessinggasse-7bbe62-db9191ed.webp",
          "spots/vienna/brg-lessinggasse-7bbe62-288601a6.webp",
          "spots/vienna/brg-lessinggasse-7bbe62-37509322.webp",
          "spots/vienna/brg-lessinggasse-7bbe62-7c723941.webp",
          "spots/vienna/brg-lessinggasse-7bbe62-5279aa6b.webp"
        ]
      }
    },
    {
      "type": "Feature",
      "geometry": {
        "type": "Point",
        "coordinates": [
          16.357906,
          48.1803057
        ]
      },
      "properties": {
        "id": "matzleinsdorfer-platz-dropledge-0e5e4c",
        "name": "Matzleinsdorfer Platz Dropledge",
        "status": "active",
        "photos": [
          "spots/vienna/matzleinsdorfer-platz-dropledge-0e5e4c-80864bd4.webp",
          "spots/vienna/matzleinsdorfer-platz-dropledge-0e5e4c-65f36bd6.webp",
          "spots/vienna/matzleinsdorfer-platz-dropledge-0e5e4c-6502717a.webp"
        ]
      }
    },
    {
      "type": "Feature",
      "geometry": {
        "type": "Point",
        "coordinates": [
          16.3801014,
          48.15504
        ]
      },
      "properties": {
        "id": "crusty-double-set-1236b9",
        "name": "Crusty Double Set",
        "status": "active",
        "photos": [
          "spots/vienna/crusty-double-set-1236b9-1f0d5d2c.webp",
          "spots/vienna/crusty-double-set-1236b9-0a7bf8ec.webp"
        ]
      }
    },
    {
      "type": "Feature",
      "geometry": {
        "type": "Point",
        "coordinates": [
          16.3655015,
          48.2021131
        ]
      },
      "properties": {
        "id": "schillerpark-d09659",
        "name": "Schillerpark",
        "status": "active",
        "photos": [
          "spots/vienna/schillerpark-d09659-2265876c.webp"
        ]
      }
    },
    {
      "type": "Feature",
      "geometry": {
        "type": "Point",
        "coordinates": [
          16.3793689,
          48.2081222
        ]
      },
      "properties": {
        "id": "roll-in-stairset-65a5ba",
        "name": "Roll In Stairset",
        "status": "active",
        "photos": [
          "spots/vienna/roll-in-stairset-65a5ba-2930baa0.webp",
          "spots/vienna/roll-in-stairset-65a5ba-3cee2f5d.webp"
        ]
      }
    },
    {
      "type": "Feature",
      "geometry": {
        "type": "Point",
        "coordinates": [
          16.3373431,
          48.2014034
        ]
      },
      "properties": {
        "id": "urban-loritz-platz-wallie-221a0f",
        "name": "Urban Loritz Platz Wallie",
        "status": "active",
        "photos": [
          "spots/vienna/urban-loritz-platz-wallie-221a0f-1b89d928.webp",
          "spots/vienna/urban-loritz-platz-wallie-221a0f-df161b4f.webp"
        ]
      }
    },
    {
      "type": "Feature",
      "geometry": {
        "type": "Point",
        "coordinates": [
          16.3843566,
          48.1783166
        ]
      },
      "properties": {
        "id": "9-stair-mit-rail-95e7b6",
        "name": "9 Stair mit Rail",
        "status": "active",
        "photos": [
          "spots/vienna/9-stair-mit-rail-95e7b6-b4609218.webp",
          "spots/vienna/9-stair-mit-rail-95e7b6-7b649e5e.webp"
        ]
      }
    },
    {
      "type": "Feature",
      "geometry": {
        "type": "Point",
        "coordinates": [
          16.381451,
          48.1858414
        ]
      },
      "properties": {
        "id": "hbf-big-handrail-508bf6",
        "name": "Hbf Big Handrail",
        "status": "active",
        "photos": [
          "spots/vienna/hbf-big-handrail-508bf6-940a55f1.webp",
          "spots/vienna/hbf-big-handrail-508bf6-2c7ed37f.webp",
          "spots/vienna/hbf-big-handrail-508bf6-a3965640.webp"
        ]
      }
    },
    {
      "type": "Feature",
      "geometry": {
        "type": "Point",
        "coordinates": [
          16.3884589,
          48.1810407
        ]
      },
      "properties": {
        "id": "high-rails-28a55b",
        "name": "High Rails",
        "status": "active",
        "photos": [
          "spots/vienna/high-rails-28a55b-0bc64904.webp"
        ]
      }
    },
    {
      "type": "Feature",
      "geometry": {
        "type": "Point",
        "coordinates": [
          16.3674632,
          48.2215956
        ]
      },
      "properties": {
        "id": "rossauer-laende-gap-over-rail-d0ec2d",
        "name": "Roßauer Lände Gap over Rail",
        "status": "active",
        "photos": [
          "spots/vienna/rossauer-laende-gap-over-rail-d0ec2d-f0743198.webp",
          "spots/vienna/rossauer-laende-gap-over-rail-d0ec2d-4c083ae8.webp",
          "spots/vienna/rossauer-laende-gap-over-rail-d0ec2d-7d680abd.webp",
          "spots/vienna/rossauer-laende-gap-over-rail-d0ec2d-661bbcb2.webp",
          "spots/vienna/rossauer-laende-gap-over-rail-d0ec2d-326b2205.webp",
          "spots/vienna/rossauer-laende-gap-over-rail-d0ec2d-2fb9fb80.webp"
        ]
      }
    },
    {
      "type": "Feature",
      "geometry": {
        "type": "Point",
        "coordinates": [
          16.4128303,
          48.2154077
        ]
      },
      "properties": {
        "id": "block-gap-39870a",
        "name": "Block Gap",
        "status": "active",
        "photos": [
          "spots/vienna/block-gap-39870a-46513a0c.webp",
          "spots/vienna/block-gap-39870a-c1a56dcc.webp",
          "spots/vienna/block-gap-39870a-b0ec79fe.webp"
        ]
      }
    },
    {
      "type": "Feature",
      "geometry": {
        "type": "Point",
        "coordinates": [
          16.397456,
          48.1806124
        ]
      },
      "properties": {
        "id": "tu-fertigungstechnik-bank-908a22",
        "name": "TU Fertigungstechnik Bank",
        "status": "active",
        "photos": [
          "spots/vienna/tu-fertigungstechnik-bank-908a22-12ab41b0.webp",
          "spots/vienna/tu-fertigungstechnik-bank-908a22-6911ed3a.webp",
          "spots/vienna/tu-fertigungstechnik-bank-908a22-117fb21f.webp"
        ]
      }
    },
    {
      "type": "Feature",
      "geometry": {
        "type": "Point",
        "coordinates": [
          16.3971587,
          48.181282
        ]
      },
      "properties": {
        "id": "tu-fertigungstechnik-tower-1aec26",
        "name": "TU Fertigungstechnik Tower",
        "status": "active",
        "photos": [
          "spots/vienna/tu-fertigungstechnik-tower-1aec26-5ef8bb6d.webp",
          "spots/vienna/tu-fertigungstechnik-tower-1aec26-b5a18dfb.webp",
          "spots/vienna/tu-fertigungstechnik-tower-1aec26-5c7e9b2e.webp",
          "spots/vienna/tu-fertigungstechnik-tower-1aec26-a7c0ac0d.webp"
        ]
      }
    },
    {
      "type": "Feature",
      "geometry": {
        "type": "Point",
        "coordinates": [
          16.3771414,
          48.2023114
        ]
      },
      "properties": {
        "id": "rollercoaster-curb-885dab",
        "name": "Rollercoaster Curb",
        "status": "active",
        "photos": [
          "spots/vienna/rollercoaster-curb-885dab-9e50da46.webp",
          "spots/vienna/rollercoaster-curb-885dab-e36e38a5.webp"
        ]
      }
    },
    {
      "type": "Feature",
      "geometry": {
        "type": "Point",
        "coordinates": [
          16.400924,
          48.1971567
        ]
      },
      "properties": {
        "id": "kardinal-nagl-bananas-f15806",
        "name": "Kardinal Nagl Bananas",
        "status": "active",
        "photos": [
          "spots/vienna/kardinal-nagl-bananas-f15806-ece88339.webp",
          "spots/vienna/kardinal-nagl-bananas-f15806-c26f7e76.webp",
          "spots/vienna/kardinal-nagl-bananas-f15806-1ff2b8a5.webp",
          "spots/vienna/kardinal-nagl-bananas-f15806-700eb8ae.webp"
        ]
      }
    },
    {
      "type": "Feature",
      "geometry": {
        "type": "Point",
        "coordinates": [
          16.3867461,
          48.1801667
        ]
      },
      "properties": {
        "id": "brueckenpfeiler-miniramp-0a6223",
        "name": "Brückenpfeiler Miniramp",
        "status": "active",
        "photos": [
          "spots/vienna/brueckenpfeiler-miniramp-0a6223-2c519b7d.webp",
          "spots/vienna/brueckenpfeiler-miniramp-0a6223-7a51b5db.webp"
        ]
      }
    },
    {
      "type": "Feature",
      "geometry": {
        "type": "Point",
        "coordinates": [
          16.3956403,
          48.1858963
        ]
      },
      "properties": {
        "id": "slappy-downledge-d9729b",
        "name": "Slappy Downledge",
        "status": "active",
        "photos": [
          "spots/vienna/slappy-downledge-d9729b-240ca32a.webp"
        ]
      }
    },
    {
      "type": "Feature",
      "geometry": {
        "type": "Point",
        "coordinates": [
          16.3160375,
          48.1525443
        ]
      },
      "properties": {
        "id": "gnarliest-15-stair-rail-8e2feb",
        "name": "Gnarliest 15 Stair Rail",
        "status": "active",
        "photos": [
          "spots/vienna/gnarliest-15-stair-rail-8e2feb-ea6e6f38.webp",
          "spots/vienna/gnarliest-15-stair-rail-8e2feb-6014d74e.webp",
          "spots/vienna/gnarliest-15-stair-rail-8e2feb-0c366fba.webp"
        ]
      }
    },
    {
      "type": "Feature",
      "geometry": {
        "type": "Point",
        "coordinates": [
          16.3188337,
          48.1522538
        ]
      },
      "properties": {
        "id": "downhill-rolltreppe-6e4d53",
        "name": "Downhill Rolltreppe",
        "status": "active",
        "photos": [
          "spots/vienna/downhill-rolltreppe-6e4d53-9bb54bcf.webp"
        ]
      }
    },
    {
      "type": "Feature",
      "geometry": {
        "type": "Point",
        "coordinates": [
          16.3201986,
          48.1524858
        ]
      },
      "properties": {
        "id": "bank-to-ledge-d10271",
        "name": "Bank to Ledge",
        "status": "active",
        "photos": [
          "spots/vienna/bank-to-ledge-d10271-57e266c6.webp",
          "spots/vienna/bank-to-ledge-d10271-3f6142f7.webp",
          "spots/vienna/bank-to-ledge-d10271-57cc4cac.webp"
        ]
      }
    },
    {
      "type": "Feature",
      "geometry": {
        "type": "Point",
        "coordinates": [
          16.3188654,
          48.1525512
        ]
      },
      "properties": {
        "id": "mannypad-mit-stufe-669be0",
        "name": "Mannypad mit Stufe",
        "status": "active",
        "photos": [
          "spots/vienna/mannypad-mit-stufe-669be0-ea41f5ab.webp",
          "spots/vienna/mannypad-mit-stufe-669be0-1eac9fa8.webp"
        ]
      }
    },
    {
      "type": "Feature",
      "geometry": {
        "type": "Point",
        "coordinates": [
          16.3201152,
          48.1521513
        ]
      },
      "properties": {
        "id": "3-and-8-stair-f2def3",
        "name": "3 and 8 Stair",
        "status": "active",
        "photos": [
          "spots/vienna/3-and-8-stair-f2def3-7bbf285a.webp",
          "spots/vienna/3-and-8-stair-f2def3-6353a8c9.webp"
        ]
      }
    },
    {
      "type": "Feature",
      "geometry": {
        "type": "Point",
        "coordinates": [
          16.3189243,
          48.1517111
        ]
      },
      "properties": {
        "id": "8-stair-cff2f9",
        "name": "8 Stair",
        "status": "active",
        "photos": [
          "spots/vienna/8-stair-cff2f9-10069128.webp",
          "spots/vienna/8-stair-cff2f9-5fd98732.webp",
          "spots/vienna/8-stair-cff2f9-850c5316.webp"
        ]
      }
    },
    {
      "type": "Feature",
      "geometry": {
        "type": "Point",
        "coordinates": [
          16.3168766,
          48.151873
        ]
      },
      "properties": {
        "id": "gap-to-rail-0f9cf0",
        "name": "Gap to Rail",
        "status": "active",
        "photos": [
          "spots/vienna/gap-to-rail-0f9cf0-1fb58f73.webp",
          "spots/vienna/gap-to-rail-0f9cf0-29c2f423.webp"
        ]
      }
    },
    {
      "type": "Feature",
      "geometry": {
        "type": "Point",
        "coordinates": [
          16.3299027,
          48.2029767
        ]
      },
      "properties": {
        "id": "rail-blumenbeete-ffbcf5",
        "name": "Rail-Blumenbeete",
        "status": "active",
        "photos": [
          "spots/vienna/rail-blumenbeete-ffbcf5-8e58fa0a.webp",
          "spots/vienna/rail-blumenbeete-ffbcf5-5f38d980.webp"
        ]
      }
    },
    {
      "type": "Feature",
      "geometry": {
        "type": "Point",
        "coordinates": [
          16.3122019,
          48.1494443
        ]
      },
      "properties": {
        "id": "alterlaa-pad-00c01b",
        "name": "Alterlaa Pad",
        "status": "active",
        "photos": [
          "spots/vienna/alterlaa-pad-00c01b-598bbf25.webp",
          "spots/vienna/alterlaa-pad-00c01b-7451986d.webp"
        ]
      }
    },
    {
      "type": "Feature",
      "geometry": {
        "type": "Point",
        "coordinates": [
          16.3140894,
          48.149157
        ]
      },
      "properties": {
        "id": "little-bump-a15910",
        "name": "Little Bump",
        "status": "active",
        "photos": [
          "spots/vienna/little-bump-a15910-fb6a8ebc.webp",
          "spots/vienna/little-bump-a15910-c245242f.webp"
        ]
      }
    },
    {
      "type": "Feature",
      "geometry": {
        "type": "Point",
        "coordinates": [
          16.3195538,
          48.1498696
        ]
      },
      "properties": {
        "id": "little-flatgap-7b5c8d",
        "name": "Little Flatgap",
        "status": "active",
        "photos": [
          "spots/vienna/little-flatgap-7b5c8d-8980afbb.webp",
          "spots/vienna/little-flatgap-7b5c8d-df60c5e0.webp"
        ]
      }
    },
    {
      "type": "Feature",
      "geometry": {
        "type": "Point",
        "coordinates": [
          16.3161135,
          48.1512606
        ]
      },
      "properties": {
        "id": "15-stair-rail-8cdeb9",
        "name": "15 Stair Rail",
        "status": "active",
        "photos": [
          "spots/vienna/15-stair-rail-8cdeb9-6c84939a.webp",
          "spots/vienna/15-stair-rail-8cdeb9-af43d5e7.webp",
          "spots/vienna/15-stair-rail-8cdeb9-84be1315.webp",
          "spots/vienna/15-stair-rail-8cdeb9-b5e3c69c.webp"
        ]
      }
    },
    {
      "type": "Feature",
      "geometry": {
        "type": "Point",
        "coordinates": [
          16.3209645,
          48.151434
        ]
      },
      "properties": {
        "id": "short-handrail-68a0ed",
        "name": "Short Handrail",
        "status": "active",
        "photos": [
          "spots/vienna/short-handrail-68a0ed-405d170c.webp",
          "spots/vienna/short-handrail-68a0ed-a9cc3a9f.webp"
        ]
      }
    },
    {
      "type": "Feature",
      "geometry": {
        "type": "Point",
        "coordinates": [
          16.3158826,
          48.2239235
        ]
      },
      "properties": {
        "id": "gap-to-slappy-9fe2d3",
        "name": "Gap to Slappy",
        "status": "active",
        "photos": [
          "spots/vienna/gap-to-slappy-9fe2d3-7531e676.webp"
        ]
      }
    },
    {
      "type": "Feature",
      "geometry": {
        "type": "Point",
        "coordinates": [
          16.3154325,
          48.1484987
        ]
      },
      "properties": {
        "id": "step-up-bank-a03712",
        "name": "Step up Bank",
        "status": "active",
        "photos": [
          "spots/vienna/step-up-bank-a03712-134e23dd.webp",
          "spots/vienna/step-up-bank-a03712-cd1baac3.webp"
        ]
      }
    },
    {
      "type": "Feature",
      "geometry": {
        "type": "Point",
        "coordinates": [
          16.31239,
          48.1496764
        ]
      },
      "properties": {
        "id": "death-roll-in-9d8900",
        "name": "Death Roll In",
        "status": "active",
        "photos": [
          "spots/vienna/death-roll-in-9d8900-22350c1a.webp"
        ]
      }
    },
    {
      "type": "Feature",
      "geometry": {
        "type": "Point",
        "coordinates": [
          16.3143484,
          48.1533883
        ]
      },
      "properties": {
        "id": "alterlaa-spielplatz-bump-a2ec3e",
        "name": "Alterlaa Spielplatz Bump",
        "status": "active",
        "photos": [
          "spots/vienna/alterlaa-spielplatz-bump-a2ec3e-542eae5c.webp",
          "spots/vienna/alterlaa-spielplatz-bump-a2ec3e-6d879c2e.webp",
          "spots/vienna/alterlaa-spielplatz-bump-a2ec3e-74853ea9.webp"
        ]
      }
    },
    {
      "type": "Feature",
      "geometry": {
        "type": "Point",
        "coordinates": [
          16.3142875,
          48.1529408
        ]
      },
      "properties": {
        "id": "alterlaa-manny-pad-bananacurb-fbba5c",
        "name": "Alterlaa Manny Pad + Bananacurb",
        "status": "active",
        "photos": [
          "spots/vienna/alterlaa-manny-pad-bananacurb-fbba5c-4962d9ac.webp"
        ]
      }
    },
    {
      "type": "Feature",
      "geometry": {
        "type": "Point",
        "coordinates": [
          16.384611,
          48.2073443
        ]
      },
      "properties": {
        "id": "landstrasse-slappy-24ee05",
        "name": "Landstraße Slappy",
        "status": "active",
        "photos": [
          "spots/vienna/landstrasse-slappy-24ee05-2696b205.webp"
        ]
      }
    },
    {
      "type": "Feature",
      "geometry": {
        "type": "Point",
        "coordinates": [
          16.3853928,
          48.2086092
        ]
      },
      "properties": {
        "id": "stopped-banks-65cbb6",
        "name": "Stopped Banks",
        "status": "active",
        "photos": [
          "spots/vienna/stopped-banks-65cbb6-9cfa08ad.webp",
          "spots/vienna/stopped-banks-65cbb6-edbdb542.webp"
        ]
      }
    },
    {
      "type": "Feature",
      "geometry": {
        "type": "Point",
        "coordinates": [
          16.4007786,
          48.1960165
        ]
      },
      "properties": {
        "id": "7-stairs-0c171e",
        "name": "7 Stairs",
        "status": "active",
        "photos": [
          "spots/vienna/7-stairs-0c171e-bf92164f.webp",
          "spots/vienna/7-stairs-0c171e-c5b79c8f.webp"
        ]
      }
    },
    {
      "type": "Feature",
      "geometry": {
        "type": "Point",
        "coordinates": [
          16.4001916,
          48.1965952
        ]
      },
      "properties": {
        "id": "doubleset-a5f73d",
        "name": "Doubleset",
        "status": "active",
        "photos": [
          "spots/vienna/doubleset-a5f73d-d7e032b1.webp",
          "spots/vienna/doubleset-a5f73d-eedc261b.webp"
        ]
      }
    },
    {
      "type": "Feature",
      "geometry": {
        "type": "Point",
        "coordinates": [
          16.4004773,
          48.195967
        ]
      },
      "properties": {
        "id": "chris-pfanner-doubleset-dd8ca6",
        "name": "Chris Pfanner Doubleset",
        "status": "active",
        "photos": [
          "spots/vienna/chris-pfanner-doubleset-dd8ca6-3bfcabe2.webp",
          "spots/vienna/chris-pfanner-doubleset-dd8ca6-c38f5a78.webp"
        ]
      }
    },
    {
      "type": "Feature",
      "geometry": {
        "type": "Point",
        "coordinates": [
          16.3562511,
          48.2362104
        ]
      },
      "properties": {
        "id": "spittelau-u-bahn-rail-44f851",
        "name": "Spittelau U-Bahn Rail",
        "status": "active",
        "photos": [
          "spots/vienna/spittelau-u-bahn-rail-44f851-9b7a0c93.webp"
        ]
      }
    },
    {
      "type": "Feature",
      "geometry": {
        "type": "Point",
        "coordinates": [
          16.4012728,
          48.1960558
        ]
      },
      "properties": {
        "id": "crust-antispot-bank-3d4325",
        "name": "Crust Antispot Bank",
        "status": "active",
        "photos": [
          "spots/vienna/crust-antispot-bank-3d4325-b2e67bb2.webp"
        ]
      }
    },
    {
      "type": "Feature",
      "geometry": {
        "type": "Point",
        "coordinates": [
          16.3555646,
          48.2366487
        ]
      },
      "properties": {
        "id": "spittelau-big-handrails-d2612d",
        "name": "Spittelau Big Handrails",
        "status": "active",
        "photos": [
          "spots/vienna/spittelau-big-handrails-d2612d-19185b20.webp",
          "spots/vienna/spittelau-big-handrails-d2612d-53699ea0.webp",
          "spots/vienna/spittelau-big-handrails-d2612d-0e8b55cd.webp",
          "spots/vienna/spittelau-big-handrails-d2612d-f6b6df7f.webp",
          "spots/vienna/spittelau-big-handrails-d2612d-492a2f1e.webp"
        ]
      }
    },
    {
      "type": "Feature",
      "geometry": {
        "type": "Point",
        "coordinates": [
          16.3558432,
          48.2367447
        ]
      },
      "properties": {
        "id": "spittelau-7-stair-rail-a13ec1",
        "name": "Spittelau 7 Stair Rail",
        "status": "active",
        "photos": [
          "spots/vienna/spittelau-7-stair-rail-a13ec1-43ecb065.webp",
          "spots/vienna/spittelau-7-stair-rail-a13ec1-c34aef53.webp"
        ]
      }
    },
    {
      "type": "Feature",
      "geometry": {
        "type": "Point",
        "coordinates": [
          16.338095,
          48.1885526
        ]
      },
      "properties": {
        "id": "gumpendorfer-strasse-handrail-f1ad48",
        "name": "Gumpendorfer Straße Handrail",
        "status": "active",
        "photos": [
          "spots/vienna/gumpendorfer-strasse-handrail-f1ad48-9ebc0270.webp"
        ]
      }
    },
    {
      "type": "Feature",
      "geometry": {
        "type": "Point",
        "coordinates": [
          16.3288575,
          48.1731024
        ]
      },
      "properties": {
        "id": "schedifka-platz-f442a7",
        "name": "Schedifka Platz",
        "status": "active",
        "photos": [
          "spots/vienna/schedifka-platz-f442a7-bcf59ee4.webp"
        ]
      }
    },
    {
      "type": "Feature",
      "geometry": {
        "type": "Point",
        "coordinates": [
          16.330167,
          48.1744115
        ]
      },
      "properties": {
        "id": "meidling-low-to-high-rail-cab92c",
        "name": "Meidling Low to High Rail",
        "status": "active",
        "photos": [
          "spots/vienna/meidling-low-to-high-rail-cab92c-3cc667ef.webp",
          "spots/vienna/meidling-low-to-high-rail-cab92c-267bfcda.webp",
          "spots/vienna/meidling-low-to-high-rail-cab92c-abb9ed31.webp"
        ]
      }
    },
    {
      "type": "Feature",
      "geometry": {
        "type": "Point",
        "coordinates": [
          16.3218326,
          48.1772868
        ]
      },
      "properties": {
        "id": "big-mistkuebel-gap-1f8de8",
        "name": "Big Mistkübel Gap",
        "status": "active",
        "photos": [
          "spots/vienna/big-mistkuebel-gap-1f8de8-56dc2c8f.webp",
          "spots/vienna/big-mistkuebel-gap-1f8de8-a2919611.webp",
          "spots/vienna/big-mistkuebel-gap-1f8de8-ef020005.webp",
          "spots/vienna/big-mistkuebel-gap-1f8de8-54d06a45.webp",
          "spots/vienna/big-mistkuebel-gap-1f8de8-7c3ee9ad.webp"
        ]
      }
    },
    {
      "type": "Feature",
      "geometry": {
        "type": "Point",
        "coordinates": [
          16.3226455,
          48.1757733
        ]
      },
      "properties": {
        "id": "long-rail-69ddd7",
        "name": "Long Rail",
        "status": "active",
        "photos": [
          "spots/vienna/long-rail-69ddd7-6dfb6b8b.webp",
          "spots/vienna/long-rail-69ddd7-458ad8b2.webp",
          "spots/vienna/long-rail-69ddd7-5c382877.webp",
          "spots/vienna/long-rail-69ddd7-cab1678f.webp",
          "spots/vienna/long-rail-69ddd7-88e408cd.webp",
          "spots/vienna/long-rail-69ddd7-9426ab9d.webp"
        ]
      }
    },
    {
      "type": "Feature",
      "geometry": {
        "type": "Point",
        "coordinates": [
          16.32382,
          48.1755754
        ]
      },
      "properties": {
        "id": "small-rails-ec65e2",
        "name": "Small Rails",
        "status": "active",
        "photos": [
          "spots/vienna/small-rails-ec65e2-d42129ac.webp",
          "spots/vienna/small-rails-ec65e2-0252978c.webp",
          "spots/vienna/small-rails-ec65e2-a7d71a90.webp",
          "spots/vienna/small-rails-ec65e2-6e503309.webp",
          "spots/vienna/small-rails-ec65e2-d4d915c9.webp"
        ]
      }
    },
    {
      "type": "Feature",
      "geometry": {
        "type": "Point",
        "coordinates": [
          16.3239901,
          48.1762117
        ]
      },
      "properties": {
        "id": "small-handrail-dce9b2",
        "name": "Small Handrail",
        "status": "active",
        "photos": [
          "spots/vienna/small-handrail-dce9b2-fba41d0c.webp",
          "spots/vienna/small-handrail-dce9b2-7b2d0c78.webp",
          "spots/vienna/small-handrail-dce9b2-2f8e5593.webp"
        ]
      }
    },
    {
      "type": "Feature",
      "geometry": {
        "type": "Point",
        "coordinates": [
          16.3245049,
          48.1761986
        ]
      },
      "properties": {
        "id": "9-stair-a7175a",
        "name": "9 Stair",
        "status": "active",
        "photos": [
          "spots/vienna/9-stair-a7175a-adac5be9.webp",
          "spots/vienna/9-stair-a7175a-ac820fad.webp"
        ]
      }
    },
    {
      "type": "Feature",
      "geometry": {
        "type": "Point",
        "coordinates": [
          16.3247281,
          48.1764337
        ]
      },
      "properties": {
        "id": "9-stair-1dea7e",
        "name": "9 Stair",
        "status": "active",
        "photos": [
          "spots/vienna/9-stair-1dea7e-c98e6126.webp",
          "spots/vienna/9-stair-1dea7e-a5a30826.webp",
          "spots/vienna/9-stair-1dea7e-21f2fd7d.webp"
        ]
      }
    },
    {
      "type": "Feature",
      "geometry": {
        "type": "Point",
        "coordinates": [
          16.3282206,
          48.1746846
        ]
      },
      "properties": {
        "id": "meidling-big-double-set-078c84",
        "name": "Meidling Big Double Set",
        "status": "active",
        "photos": [
          "spots/vienna/meidling-big-double-set-078c84-c62e883e.webp",
          "spots/vienna/meidling-big-double-set-078c84-abfd8b9d.webp",
          "spots/vienna/meidling-big-double-set-078c84-3f4c1da3.webp"
        ]
      }
    },
    {
      "type": "Feature",
      "geometry": {
        "type": "Point",
        "coordinates": [
          16.4111769,
          48.1821417
        ]
      },
      "properties": {
        "id": "zippererstrasse-13-stair-rail-f5c514",
        "name": "Zippererstraße 13 Stair Rail",
        "status": "active",
        "photos": [
          "spots/vienna/zippererstrasse-13-stair-rail-f5c514-4b61c3ef.webp",
          "spots/vienna/zippererstrasse-13-stair-rail-f5c514-94e63b79.webp",
          "spots/vienna/zippererstrasse-13-stair-rail-f5c514-787b623d.webp"
        ]
      }
    },
    {
      "type": "Feature",
      "geometry": {
        "type": "Point",
        "coordinates": [
          16.3602365,
          48.2029607
        ]
      },
      "properties": {
        "id": "mq-wobble-mit-curb-0e3204",
        "name": "MQ Wobble mit Curb",
        "status": "active",
        "photos": [
          "spots/vienna/mq-wobble-mit-curb-0e3204-58b8adfd.webp",
          "spots/vienna/mq-wobble-mit-curb-0e3204-5de2d4d8.webp"
        ]
      }
    },
    {
      "type": "Feature",
      "geometry": {
        "type": "Point",
        "coordinates": [
          16.3597428,
          48.2035527
        ]
      },
      "properties": {
        "id": "mq-curb-1bcf58",
        "name": "MQ Curb",
        "status": "active",
        "photos": [
          "spots/vienna/mq-curb-1bcf58-2fe4048c.webp"
        ]
      }
    },
    {
      "type": "Feature",
      "geometry": {
        "type": "Point",
        "coordinates": [
          16.4119187,
          48.1847047
        ]
      },
      "properties": {
        "id": "tricore-rail-581e5a",
        "name": "Tricore Rail",
        "status": "active",
        "photos": [
          "spots/vienna/tricore-rail-581e5a-8e272536.webp"
        ]
      }
    },
    {
      "type": "Feature",
      "geometry": {
        "type": "Point",
        "coordinates": [
          16.4050019,
          48.1861718
        ]
      },
      "properties": {
        "id": "t-mobile-high-handrail-9a98d8",
        "name": "T-Mobile High Handrail",
        "status": "active",
        "photos": [
          "spots/vienna/t-mobile-high-handrail-9a98d8-c047cc3c.webp",
          "spots/vienna/t-mobile-high-handrail-9a98d8-8c4841f3.webp",
          "spots/vienna/t-mobile-high-handrail-9a98d8-ec9a7233.webp"
        ]
      }
    },
    {
      "type": "Feature",
      "geometry": {
        "type": "Point",
        "coordinates": [
          16.3382191,
          48.1823948
        ]
      },
      "properties": {
        "id": "vhs-meidling-stufencurbs-c8f359",
        "name": "VHS Meidling Stufencurbs",
        "status": "active",
        "photos": [
          "spots/vienna/vhs-meidling-stufencurbs-c8f359-76b911cd.webp",
          "spots/vienna/vhs-meidling-stufencurbs-c8f359-73f8d5bf.webp"
        ]
      }
    },
    {
      "type": "Feature",
      "geometry": {
        "type": "Point",
        "coordinates": [
          16.2878827,
          48.1905639
        ]
      },
      "properties": {
        "id": "allianz-gap-ef0997",
        "name": "Allianz Gap",
        "status": "active",
        "photos": [
          "spots/vienna/allianz-gap-ef0997-bf6d3da9.webp",
          "spots/vienna/allianz-gap-ef0997-7597c984.webp",
          "spots/vienna/allianz-gap-ef0997-8f2cd7d3.webp",
          "spots/vienna/allianz-gap-ef0997-fc78b8b2.webp",
          "spots/vienna/allianz-gap-ef0997-08a6bdf9.webp"
        ]
      }
    },
    {
      "type": "Feature",
      "geometry": {
        "type": "Point",
        "coordinates": [
          16.2817531,
          48.1923887
        ]
      },
      "properties": {
        "id": "obi-manny-pad-120c0f",
        "name": "Obi Manny Pad",
        "status": "active",
        "photos": [
          "spots/vienna/obi-manny-pad-120c0f-26ceee04.webp",
          "spots/vienna/obi-manny-pad-120c0f-2ca64bde.webp"
        ]
      }
    },
    {
      "type": "Feature",
      "geometry": {
        "type": "Point",
        "coordinates": [
          16.2682015,
          48.1907823
        ]
      },
      "properties": {
        "id": "7er-handrail-95b3d0",
        "name": "7er Handrail",
        "status": "active",
        "photos": [
          "spots/vienna/7er-handrail-95b3d0-c9716313.webp",
          "spots/vienna/7er-handrail-95b3d0-8661f1d5.webp",
          "spots/vienna/7er-handrail-95b3d0-b1fc905b.webp"
        ]
      }
    },
    {
      "type": "Feature",
      "geometry": {
        "type": "Point",
        "coordinates": [
          16.2764161,
          48.190076
        ]
      },
      "properties": {
        "id": "auhofstrasse-10er-5801ce",
        "name": "Auhofstraße 10er",
        "status": "active",
        "photos": [
          "spots/vienna/auhofstrasse-10er-5801ce-1edc867e.webp",
          "spots/vienna/auhofstrasse-10er-5801ce-15a95a02.webp",
          "spots/vienna/auhofstrasse-10er-5801ce-e84649b9.webp",
          "spots/vienna/auhofstrasse-10er-5801ce-dd794a27.webp"
        ]
      }
    },
    {
      "type": "Feature",
      "geometry": {
        "type": "Point",
        "coordinates": [
          16.2725679,
          48.187531
        ]
      },
      "properties": {
        "id": "hietzing-12er-handrail-c1427f",
        "name": "Hietzing 12er Handrail",
        "status": "active",
        "photos": [
          "spots/vienna/hietzing-12er-handrail-c1427f-bc25c459.webp",
          "spots/vienna/hietzing-12er-handrail-c1427f-e50890c7.webp",
          "spots/vienna/hietzing-12er-handrail-c1427f-391ee10c.webp",
          "spots/vienna/hietzing-12er-handrail-c1427f-985e02f7.webp"
        ]
      }
    },
    {
      "type": "Feature",
      "geometry": {
        "type": "Point",
        "coordinates": [
          16.3648626,
          48.2005499
        ]
      },
      "properties": {
        "id": "naschmarkt-rail-13d3cf",
        "name": "Naschmarkt Rail",
        "status": "active",
        "photos": [
          "spots/vienna/naschmarkt-rail-13d3cf-a2af454c.webp",
          "spots/vienna/naschmarkt-rail-13d3cf-1816765d.webp"
        ]
      }
    },
    {
      "type": "Feature",
      "geometry": {
        "type": "Point",
        "coordinates": [
          16.3361458,
          48.1846435
        ]
      },
      "properties": {
        "id": "laengenfeldgasse-little-dropledge-da88a9",
        "name": "Längenfeldgasse Little Dropledge",
        "status": "active",
        "photos": [
          "spots/vienna/laengenfeldgasse-little-dropledge-da88a9-66e54b90.webp",
          "spots/vienna/laengenfeldgasse-little-dropledge-da88a9-9d02af72.webp"
        ]
      }
    },
    {
      "type": "Feature",
      "geometry": {
        "type": "Point",
        "coordinates": [
          16.2727004,
          48.1873268
        ]
      },
      "properties": {
        "id": "8er-high-hubba-304f40",
        "name": "8er High Hubba",
        "status": "active",
        "photos": [
          "spots/vienna/8er-high-hubba-304f40-f7668995.webp",
          "spots/vienna/8er-high-hubba-304f40-15ba26e5.webp",
          "spots/vienna/8er-high-hubba-304f40-d3a2dd23.webp",
          "spots/vienna/8er-high-hubba-304f40-24caf708.webp"
        ]
      }
    },
    {
      "type": "Feature",
      "geometry": {
        "type": "Point",
        "coordinates": [
          16.3675593,
          48.198582
        ]
      },
      "properties": {
        "id": "tu-bank-gap-0a0ad9",
        "name": "TU Bank Gap",
        "status": "active",
        "photos": [
          "spots/vienna/tu-bank-gap-0a0ad9-8a12ce9c.webp",
          "spots/vienna/tu-bank-gap-0a0ad9-e6d668e3.webp"
        ]
      }
    },
    {
      "type": "Feature",
      "geometry": {
        "type": "Point",
        "coordinates": [
          16.2887132,
          48.1904677
        ]
      },
      "properties": {
        "id": "allianz-ledge-e6b620",
        "name": "Allianz Ledge",
        "status": "active",
        "photos": [
          "spots/vienna/allianz-ledge-e6b620-c540635b.webp",
          "spots/vienna/allianz-ledge-e6b620-7c8e4b87.webp",
          "spots/vienna/allianz-ledge-e6b620-2fe7097e.webp",
          "spots/vienna/allianz-ledge-e6b620-5f1b7329.webp",
          "spots/vienna/allianz-ledge-e6b620-b17ae553.webp",
          "spots/vienna/allianz-ledge-e6b620-a27ce27f.webp",
          "spots/vienna/allianz-ledge-e6b620-82274835.webp"
        ]
      }
    },
    {
      "type": "Feature",
      "geometry": {
        "type": "Point",
        "coordinates": [
          16.3566331,
          48.204823
        ]
      },
      "properties": {
        "id": "terassengap-682882",
        "name": "Terassengap",
        "status": "active",
        "photos": [
          "spots/vienna/terassengap-682882-e7a641e4.webp",
          "spots/vienna/terassengap-682882-fe717ba5.webp",
          "spots/vienna/terassengap-682882-68c64caf.webp"
        ]
      }
    },
    {
      "type": "Feature",
      "geometry": {
        "type": "Point",
        "coordinates": [
          16.2770131,
          48.1899317
        ]
      },
      "properties": {
        "id": "auhofstrasse-12er-9f9598",
        "name": "Auhofstraße 12er",
        "status": "active",
        "photos": [
          "spots/vienna/auhofstrasse-12er-9f9598-7bda5856.webp",
          "spots/vienna/auhofstrasse-12er-9f9598-71c1ec7d.webp",
          "spots/vienna/auhofstrasse-12er-9f9598-dc9284cc.webp"
        ]
      }
    },
    {
      "type": "Feature",
      "geometry": {
        "type": "Point",
        "coordinates": [
          16.3573801,
          48.2052437
        ]
      },
      "properties": {
        "id": "volkstheater-581f1d",
        "name": "Volkstheater",
        "status": "active",
        "photos": [
          "spots/vienna/volkstheater-581f1d-0ccbd6eb.webp",
          "spots/vienna/volkstheater-581f1d-2353353e.webp",
          "spots/vienna/volkstheater-581f1d-3b6fa5ff.webp",
          "spots/vienna/volkstheater-581f1d-953b1528.webp",
          "spots/vienna/volkstheater-581f1d-a46940c6.webp",
          "spots/vienna/volkstheater-581f1d-b2e5df58.webp"
        ]
      }
    },
    {
      "type": "Feature",
      "geometry": {
        "type": "Point",
        "coordinates": [
          16.265468,
          48.2008311
        ]
      },
      "properties": {
        "id": "6er-stufen-linzer-strasse-ac5bdf",
        "name": "6er Stufen Linzer Straße",
        "status": "active",
        "photos": [
          "spots/vienna/6er-stufen-linzer-strasse-ac5bdf-0a97f511.webp",
          "spots/vienna/6er-stufen-linzer-strasse-ac5bdf-d3817a0b.webp"
        ]
      }
    },
    {
      "type": "Feature",
      "geometry": {
        "type": "Point",
        "coordinates": [
          16.2667441,
          48.2019825
        ]
      },
      "properties": {
        "id": "strange-antispot-bump-c81e1a",
        "name": "Strange Antispot Bump",
        "status": "active",
        "photos": [
          "spots/vienna/strange-antispot-bump-c81e1a-77c2fdc5.webp",
          "spots/vienna/strange-antispot-bump-c81e1a-be585d2f.webp",
          "spots/vienna/strange-antispot-bump-c81e1a-bf86e319.webp"
        ]
      }
    },
    {
      "type": "Feature",
      "geometry": {
        "type": "Point",
        "coordinates": [
          16.2681137,
          48.2018232
        ]
      },
      "properties": {
        "id": "stufen-hellride-6225d7",
        "name": "Stufen Hellride",
        "status": "active",
        "photos": [
          "spots/vienna/stufen-hellride-6225d7-56a43899.webp",
          "spots/vienna/stufen-hellride-6225d7-5c2076ac.webp",
          "spots/vienna/stufen-hellride-6225d7-1939650a.webp",
          "spots/vienna/stufen-hellride-6225d7-17e5e61b.webp",
          "spots/vienna/stufen-hellride-6225d7-4468b16e.webp",
          "spots/vienna/stufen-hellride-6225d7-4b2d988d.webp",
          "spots/vienna/stufen-hellride-6225d7-6ac330e9.webp",
          "spots/vienna/stufen-hellride-6225d7-f2f87836.webp"
        ]
      }
    },
    {
      "type": "Feature",
      "geometry": {
        "type": "Point",
        "coordinates": [
          16.2751127,
          48.2039022
        ]
      },
      "properties": {
        "id": "double-kink-rail-6e6453",
        "name": "Double Kink Rail",
        "status": "active",
        "photos": [
          "spots/vienna/double-kink-rail-6e6453-732dcea3.webp",
          "spots/vienna/double-kink-rail-6e6453-d49d19b5.webp"
        ]
      }
    },
    {
      "type": "Feature",
      "geometry": {
        "type": "Point",
        "coordinates": [
          16.2729049,
          48.202763
        ]
      },
      "properties": {
        "id": "huetteldorf-8er-rail-68d0da",
        "name": "Hütteldorf 8er Rail",
        "status": "active",
        "photos": [
          "spots/vienna/huetteldorf-8er-rail-68d0da-ce6e963d.webp",
          "spots/vienna/huetteldorf-8er-rail-68d0da-692d6700.webp",
          "spots/vienna/huetteldorf-8er-rail-68d0da-71e7a9a0.webp",
          "spots/vienna/huetteldorf-8er-rail-68d0da-80eafff8.webp"
        ]
      }
    },
    {
      "type": "Feature",
      "geometry": {
        "type": "Point",
        "coordinates": [
          16.2716882,
          48.1977501
        ]
      },
      "properties": {
        "id": "10-stair-line-c1e468",
        "name": "10 Stair Line",
        "status": "active",
        "photos": [
          "spots/vienna/10-stair-line-c1e468-175c05cf.webp",
          "spots/vienna/10-stair-line-c1e468-a0635191.webp",
          "spots/vienna/10-stair-line-c1e468-0e6b94cd.webp",
          "spots/vienna/10-stair-line-c1e468-f773e93d.webp",
          "spots/vienna/10-stair-line-c1e468-37176422.webp",
          "spots/vienna/10-stair-line-c1e468-fa4f7eeb.webp"
        ]
      }
    },
    {
      "type": "Feature",
      "geometry": {
        "type": "Point",
        "coordinates": [
          16.2779822,
          48.203429
        ]
      },
      "properties": {
        "id": "bonk-rail-a79e7f",
        "name": "Bonk Rail",
        "status": "active",
        "photos": [
          "spots/vienna/bonk-rail-a79e7f-38c5699e.webp",
          "spots/vienna/bonk-rail-a79e7f-83f71a59.webp",
          "spots/vienna/bonk-rail-a79e7f-2482bdf5.webp"
        ]
      }
    },
    {
      "type": "Feature",
      "geometry": {
        "type": "Point",
        "coordinates": [
          16.270968,
          48.1982234
        ]
      },
      "properties": {
        "id": "8-stair-dc7e6f",
        "name": "8 Stair",
        "status": "active",
        "photos": [
          "spots/vienna/8-stair-dc7e6f-4c5b4cfa.webp",
          "spots/vienna/8-stair-dc7e6f-47a12789.webp"
        ]
      }
    },
    {
      "type": "Feature",
      "geometry": {
        "type": "Point",
        "coordinates": [
          16.272488,
          48.1981696
        ]
      },
      "properties": {
        "id": "double-kink-rail-ab7968",
        "name": "Double Kink Rail",
        "status": "active",
        "photos": [
          "spots/vienna/double-kink-rail-ab7968-0d48b266.webp",
          "spots/vienna/double-kink-rail-ab7968-b7987795.webp",
          "spots/vienna/double-kink-rail-ab7968-ffcc04e5.webp",
          "spots/vienna/double-kink-rail-ab7968-7c220226.webp"
        ]
      }
    },
    {
      "type": "Feature",
      "geometry": {
        "type": "Point",
        "coordinates": [
          16.3719464,
          48.1989365
        ]
      },
      "properties": {
        "id": "karlsplatz-mannypads-8547c5",
        "name": "Karlsplatz Mannypads",
        "status": "active",
        "photos": [
          "spots/vienna/karlsplatz-mannypads-8547c5-0874bc12.webp"
        ]
      }
    },
    {
      "type": "Feature",
      "geometry": {
        "type": "Point",
        "coordinates": [
          16.2715746,
          48.1986894
        ]
      },
      "properties": {
        "id": "double-kink-rail-3eaefc",
        "name": "Double Kink Rail",
        "status": "active",
        "photos": [
          "spots/vienna/double-kink-rail-3eaefc-da8bf1df.webp",
          "spots/vienna/double-kink-rail-3eaefc-9a9a64da.webp"
        ]
      }
    },
    {
      "type": "Feature",
      "geometry": {
        "type": "Point",
        "coordinates": [
          16.2679932,
          48.1985451
        ]
      },
      "properties": {
        "id": "double-kink-rail-8ac94d",
        "name": "Double Kink Rail",
        "status": "active",
        "photos": [
          "spots/vienna/double-kink-rail-8ac94d-b319b8ed.webp",
          "spots/vienna/double-kink-rail-8ac94d-ac011f7f.webp"
        ]
      }
    },
    {
      "type": "Feature",
      "geometry": {
        "type": "Point",
        "coordinates": [
          16.2678683,
          48.2021755
        ]
      },
      "properties": {
        "id": "super-crust-bank-091e04",
        "name": "Super Crust Bank",
        "status": "active",
        "photos": [
          "spots/vienna/super-crust-bank-091e04-ef5972b9.webp",
          "spots/vienna/super-crust-bank-091e04-71b23159.webp",
          "spots/vienna/super-crust-bank-091e04-f539445d.webp",
          "spots/vienna/super-crust-bank-091e04-413cc461.webp"
        ]
      }
    },
    {
      "type": "Feature",
      "geometry": {
        "type": "Point",
        "coordinates": [
          16.2744808,
          48.2037419
        ]
      },
      "properties": {
        "id": "stair-paradise-1-325845",
        "name": "Stair Paradise 1",
        "status": "active",
        "photos": [
          "spots/vienna/stair-paradise-1-325845-ef327e91.webp",
          "spots/vienna/stair-paradise-1-325845-c5a1ca14.webp",
          "spots/vienna/stair-paradise-1-325845-f7e38eac.webp",
          "spots/vienna/stair-paradise-1-325845-f49f7690.webp",
          "spots/vienna/stair-paradise-1-325845-58ba757c.webp",
          "spots/vienna/stair-paradise-1-325845-da2789e7.webp",
          "spots/vienna/stair-paradise-1-325845-702ae852.webp",
          "spots/vienna/stair-paradise-1-325845-206a1fc4.webp",
          "spots/vienna/stair-paradise-1-325845-c24a5053.webp"
        ]
      }
    },
    {
      "type": "Feature",
      "geometry": {
        "type": "Point",
        "coordinates": [
          16.274705,
          48.2041129
        ]
      },
      "properties": {
        "id": "stair-paradise-2-e0ac8a",
        "name": "Stair Paradise 2",
        "status": "active",
        "photos": [
          "spots/vienna/stair-paradise-2-e0ac8a-88757571.webp",
          "spots/vienna/stair-paradise-2-e0ac8a-b5df1417.webp",
          "spots/vienna/stair-paradise-2-e0ac8a-447cbff4.webp",
          "spots/vienna/stair-paradise-2-e0ac8a-19d4c1b6.webp",
          "spots/vienna/stair-paradise-2-e0ac8a-06c37bc4.webp",
          "spots/vienna/stair-paradise-2-e0ac8a-96e245bc.webp",
          "spots/vienna/stair-paradise-2-e0ac8a-c82775fe.webp"
        ]
      }
    },
    {
      "type": "Feature",
      "geometry": {
        "type": "Point",
        "coordinates": [
          16.3688734,
          48.1963153
        ]
      },
      "properties": {
        "id": "tu-flatgap-771a64",
        "name": "TU Flatgap",
        "status": "active",
        "photos": [
          "spots/vienna/tu-flatgap-771a64-f87a0614.webp",
          "spots/vienna/tu-flatgap-771a64-7cfd0a78.webp"
        ]
      }
    },
    {
      "type": "Feature",
      "geometry": {
        "type": "Point",
        "coordinates": [
          16.3627671,
          48.2128821
        ]
      },
      "properties": {
        "id": "schottentor-hellride-0e7074",
        "name": "Schottentor Hellride",
        "status": "active",
        "photos": [
          "spots/vienna/schottentor-hellride-0e7074-737689b8.webp"
        ]
      }
    },
    {
      "type": "Feature",
      "geometry": {
        "type": "Point",
        "coordinates": [
          16.3609025,
          48.2290868
        ]
      },
      "properties": {
        "id": "gap-to-curb-cb242e",
        "name": "Gap to Curb",
        "status": "active",
        "photos": [
          "spots/vienna/gap-to-curb-cb242e-7117e8cf.webp",
          "spots/vienna/gap-to-curb-cb242e-4aba4538.webp",
          "spots/vienna/gap-to-curb-cb242e-79b78afc.webp"
        ]
      }
    },
    {
      "type": "Feature",
      "geometry": {
        "type": "Point",
        "coordinates": [
          16.3579426,
          48.2312176
        ]
      },
      "properties": {
        "id": "wu-gap-f94c8d",
        "name": "WU Gap",
        "status": "active",
        "photos": [
          "spots/vienna/wu-gap-f94c8d-45f13964.webp",
          "spots/vienna/wu-gap-f94c8d-0d33bdfc.webp"
        ]
      }
    },
    {
      "type": "Feature",
      "geometry": {
        "type": "Point",
        "coordinates": [
          16.358958,
          48.2292211
        ]
      },
      "properties": {
        "id": "wu-low-handrail-4da835",
        "name": "WU Low Handrail",
        "status": "active",
        "photos": [
          "spots/vienna/wu-low-handrail-4da835-3aa8aebf.webp",
          "spots/vienna/wu-low-handrail-4da835-9c01cece.webp"
        ]
      }
    },
    {
      "type": "Feature",
      "geometry": {
        "type": "Point",
        "coordinates": [
          16.2777974,
          48.2039659
        ]
      },
      "properties": {
        "id": "big-triple-kink-rail-abf738",
        "name": "Big Triple Kink Rail",
        "status": "active",
        "photos": [
          "spots/vienna/big-triple-kink-rail-abf738-6685456c.webp",
          "spots/vienna/big-triple-kink-rail-abf738-295f50b8.webp",
          "spots/vienna/big-triple-kink-rail-abf738-59ff3f15.webp"
        ]
      }
    },
    {
      "type": "Feature",
      "geometry": {
        "type": "Point",
        "coordinates": [
          16.3002124,
          48.1978964
        ]
      },
      "properties": {
        "id": "holmes-place-curbs-dac882",
        "name": "Holmes Place Curbs",
        "status": "active",
        "photos": [
          "spots/vienna/holmes-place-curbs-dac882-c19778d0.webp",
          "spots/vienna/holmes-place-curbs-dac882-76588c4f.webp"
        ]
      }
    },
    {
      "type": "Feature",
      "geometry": {
        "type": "Point",
        "coordinates": [
          16.3299713,
          48.2067246
        ]
      },
      "properties": {
        "id": "banklehne-rail-2fa9b7",
        "name": "Banklehne Rail",
        "status": "active",
        "photos": [
          "spots/vienna/banklehne-rail-2fa9b7-2e4312fd.webp",
          "spots/vienna/banklehne-rail-2fa9b7-2db578fe.webp",
          "spots/vienna/banklehne-rail-2fa9b7-5b76a33d.webp"
        ]
      }
    },
    {
      "type": "Feature",
      "geometry": {
        "type": "Point",
        "coordinates": [
          16.3630945,
          48.1597809
        ]
      },
      "properties": {
        "id": "senfbauten-basketballplatz-db2923",
        "name": "Senfbauten Basketballplatz",
        "status": "active",
        "photos": [
          "spots/vienna/senfbauten-basketballplatz-db2923-5ddc84e6.webp",
          "spots/vienna/senfbauten-basketballplatz-db2923-4c6d4a59.webp",
          "spots/vienna/senfbauten-basketballplatz-db2923-447cedec.webp",
          "spots/vienna/senfbauten-basketballplatz-db2923-608eb08a.webp",
          "spots/vienna/senfbauten-basketballplatz-db2923-c558bcdc.webp",
          "spots/vienna/senfbauten-basketballplatz-db2923-9cb8d0ba.webp"
        ]
      }
    },
    {
      "type": "Feature",
      "geometry": {
        "type": "Point",
        "coordinates": [
          16.3550454,
          48.1676705
        ]
      },
      "properties": {
        "id": "block-to-drop-504c5a",
        "name": "Block to Drop",
        "status": "active",
        "photos": [
          "spots/vienna/block-to-drop-504c5a-9e874cb5.webp",
          "spots/vienna/block-to-drop-504c5a-de6ec831.webp"
        ]
      }
    },
    {
      "type": "Feature",
      "geometry": {
        "type": "Point",
        "coordinates": [
          16.3646887,
          48.1598524
        ]
      },
      "properties": {
        "id": "big-wienerberg-handrails-9f7169",
        "name": "Big Wienerberg Handrails",
        "status": "active",
        "photos": [
          "spots/vienna/big-wienerberg-handrails-9f7169-c9a94eec.webp",
          "spots/vienna/big-wienerberg-handrails-9f7169-38f3bc54.webp",
          "spots/vienna/big-wienerberg-handrails-9f7169-bbaeabfc.webp",
          "spots/vienna/big-wienerberg-handrails-9f7169-83c3522f.webp"
        ]
      }
    },
    {
      "type": "Feature",
      "geometry": {
        "type": "Point",
        "coordinates": [
          16.3485981,
          48.1978301
        ]
      },
      "properties": {
        "id": "mahue-stufencurb-ded4de",
        "name": "Mahü Stufencurb",
        "status": "active",
        "photos": [
          "spots/vienna/mahue-stufencurb-ded4de-06f4b8bb.webp"
        ]
      }
    },
    {
      "type": "Feature",
      "geometry": {
        "type": "Point",
        "coordinates": [
          16.3530421,
          48.198718
        ]
      },
      "properties": {
        "id": "mahue-bump-to-stromkasten-bcffb0",
        "name": "Mahü Bump to Stromkasten",
        "status": "active",
        "photos": [
          "spots/vienna/mahue-bump-to-stromkasten-bcffb0-87c0a97f.webp"
        ]
      }
    },
    {
      "type": "Feature",
      "geometry": {
        "type": "Point",
        "coordinates": [
          16.3528141,
          48.1989616
        ]
      },
      "properties": {
        "id": "mahue-handrail-443dd3",
        "name": "Mahü Handrail",
        "status": "active",
        "photos": [
          "spots/vienna/mahue-handrail-443dd3-1b23e1d2.webp",
          "spots/vienna/mahue-handrail-443dd3-325803b8.webp"
        ]
      }
    },
    {
      "type": "Feature",
      "geometry": {
        "type": "Point",
        "coordinates": [
          16.3377009,
          48.1905959
        ]
      },
      "properties": {
        "id": "quick-feet-gap-ac86ff",
        "name": "Quick Feet Gap",
        "status": "active",
        "photos": [
          "spots/vienna/quick-feet-gap-ac86ff-94ec3915.webp",
          "spots/vienna/quick-feet-gap-ac86ff-33329b91.webp"
        ]
      }
    },
    {
      "type": "Feature",
      "geometry": {
        "type": "Point",
        "coordinates": [
          16.2566503,
          48.2008773
        ]
      },
      "properties": {
        "id": "big-handrail-c42438",
        "name": "Big Handrail",
        "status": "active",
        "photos": [
          "spots/vienna/big-handrail-c42438-e5e024e9.webp",
          "spots/vienna/big-handrail-c42438-159424d0.webp",
          "spots/vienna/big-handrail-c42438-f92457ec.webp"
        ]
      }
    },
    {
      "type": "Feature",
      "geometry": {
        "type": "Point",
        "coordinates": [
          16.3624226,
          48.1737453
        ]
      },
      "properties": {
        "id": "long-8-stair-29b642",
        "name": "Long 8 Stair",
        "status": "active",
        "photos": [
          "spots/vienna/long-8-stair-29b642-dde46bbd.webp",
          "spots/vienna/long-8-stair-29b642-369d7829.webp"
        ]
      }
    },
    {
      "type": "Feature",
      "geometry": {
        "type": "Point",
        "coordinates": [
          16.2564557,
          48.1979112
        ]
      },
      "properties": {
        "id": "heavy-bump-efeeaf",
        "name": "Heavy Bump",
        "status": "active",
        "photos": [
          "spots/vienna/heavy-bump-efeeaf-bdd4334c.webp",
          "spots/vienna/heavy-bump-efeeaf-9305b5e1.webp",
          "spots/vienna/heavy-bump-efeeaf-0879dce1.webp",
          "spots/vienna/heavy-bump-efeeaf-d81f5e27.webp"
        ]
      }
    },
    {
      "type": "Feature",
      "geometry": {
        "type": "Point",
        "coordinates": [
          16.3683199,
          48.2195995
        ]
      },
      "properties": {
        "id": "kumpato-manny-pad-12b933",
        "name": "Kumpato Manny Pad",
        "status": "active",
        "photos": [
          "spots/vienna/kumpato-manny-pad-12b933-a35d4da8.webp",
          "spots/vienna/kumpato-manny-pad-12b933-2d759101.webp"
        ]
      }
    },
    {
      "type": "Feature",
      "geometry": {
        "type": "Point",
        "coordinates": [
          16.3642696,
          48.2493722
        ]
      },
      "properties": {
        "id": "7-stair-f4264b",
        "name": "7 Stair",
        "status": "active",
        "photos": [
          "spots/vienna/7-stair-f4264b-20f40199.webp",
          "spots/vienna/7-stair-f4264b-cf0801ec.webp"
        ]
      }
    },
    {
      "type": "Feature",
      "geometry": {
        "type": "Point",
        "coordinates": [
          16.3510775,
          48.1829698
        ]
      },
      "properties": {
        "id": "crust-rail-2e43ba",
        "name": "Crust Rail",
        "status": "active",
        "photos": [
          "spots/vienna/crust-rail-2e43ba-df887a4a.webp",
          "spots/vienna/crust-rail-2e43ba-7831cf29.webp"
        ]
      }
    },
    {
      "type": "Feature",
      "geometry": {
        "type": "Point",
        "coordinates": [
          16.3836598,
          48.2046087
        ]
      },
      "properties": {
        "id": "raiffeisen-gap-40406c",
        "name": "Raiffeisen Gap",
        "status": "active",
        "photos": [
          "spots/vienna/raiffeisen-gap-40406c-6047273d.webp",
          "spots/vienna/raiffeisen-gap-40406c-c8e5b444.webp",
          "spots/vienna/raiffeisen-gap-40406c-2378edaf.webp",
          "spots/vienna/raiffeisen-gap-40406c-04bbf85b.webp"
        ]
      }
    },
    {
      "type": "Feature",
      "geometry": {
        "type": "Point",
        "coordinates": [
          16.3834975,
          48.2048594
        ]
      },
      "properties": {
        "id": "raiffeisen-handrail-59c09d",
        "name": "Raiffeisen Handrail",
        "status": "active",
        "photos": [
          "spots/vienna/raiffeisen-handrail-59c09d-26dd181d.webp",
          "spots/vienna/raiffeisen-handrail-59c09d-842b7040.webp"
        ]
      }
    },
    {
      "type": "Feature",
      "geometry": {
        "type": "Point",
        "coordinates": [
          16.3313541,
          48.2303798
        ]
      },
      "properties": {
        "id": "gap-over-rail-b09976",
        "name": "Gap over Rail",
        "status": "active",
        "photos": [
          "spots/vienna/gap-over-rail-b09976-6229004f.webp",
          "spots/vienna/gap-over-rail-b09976-a3ea9a6f.webp"
        ]
      }
    },
    {
      "type": "Feature",
      "geometry": {
        "type": "Point",
        "coordinates": [
          16.3029663,
          48.1429912
        ]
      },
      "properties": {
        "id": "leslie-plaza-ec7da2",
        "name": "Leslie Plaza",
        "status": "active",
        "photos": [
          "spots/vienna/leslie-plaza-ec7da2-e2962a8c.webp"
        ]
      }
    },
    {
      "type": "Feature",
      "geometry": {
        "type": "Point",
        "coordinates": [
          16.3687508,
          48.2195564
        ]
      },
      "properties": {
        "id": "donaukanal-dropledge-889af8",
        "name": "Donaukanal Dropledge",
        "status": "active",
        "photos": [
          "spots/vienna/donaukanal-dropledge-889af8-be744802.webp",
          "spots/vienna/donaukanal-dropledge-889af8-7bf3c4d8.webp",
          "spots/vienna/donaukanal-dropledge-889af8-4d9e827f.webp"
        ]
      }
    },
    {
      "type": "Feature",
      "geometry": {
        "type": "Point",
        "coordinates": [
          16.3764328,
          48.1831192
        ]
      },
      "properties": {
        "id": "flatgaps-7c5c80",
        "name": "Flatgaps",
        "status": "active",
        "photos": [
          "spots/vienna/flatgaps-7c5c80-f9988a7d.webp"
        ]
      }
    },
    {
      "type": "Feature",
      "geometry": {
        "type": "Point",
        "coordinates": [
          16.3528284,
          48.170028
        ]
      },
      "properties": {
        "id": "9-stair-c85da9",
        "name": "9 Stair",
        "status": "active",
        "photos": [
          "spots/vienna/9-stair-c85da9-6ac851ec.webp",
          "spots/vienna/9-stair-c85da9-5e8a7c48.webp",
          "spots/vienna/9-stair-c85da9-981c2bfe.webp"
        ]
      }
    },
    {
      "type": "Feature",
      "geometry": {
        "type": "Point",
        "coordinates": [
          16.3482651,
          48.1658377
        ]
      },
      "properties": {
        "id": "wienerberg-brick-bank-c89d49",
        "name": "Wienerberg Brick Bank",
        "status": "active",
        "photos": [
          "spots/vienna/wienerberg-brick-bank-c89d49-7304f578.webp"
        ]
      }
    },
    {
      "type": "Feature",
      "geometry": {
        "type": "Point",
        "coordinates": [
          16.3383145,
          48.1885776
        ]
      },
      "properties": {
        "id": "high-gumpendorfer-curb-fcf36f",
        "name": "High Gumpendorfer Curb",
        "status": "active",
        "photos": [
          "spots/vienna/high-gumpendorfer-curb-fcf36f-76c7ffef.webp",
          "spots/vienna/high-gumpendorfer-curb-fcf36f-bca9ce85.webp"
        ]
      }
    },
    {
      "type": "Feature",
      "geometry": {
        "type": "Point",
        "coordinates": [
          16.4137454,
          48.2137078
        ]
      },
      "properties": {
        "id": "wavy-curbs-f5bf9e",
        "name": "Wavy Curbs",
        "status": "active",
        "photos": [
          "spots/vienna/wavy-curbs-f5bf9e-bf1812aa.webp",
          "spots/vienna/wavy-curbs-f5bf9e-aebd06c5.webp"
        ]
      }
    },
    {
      "type": "Feature",
      "geometry": {
        "type": "Point",
        "coordinates": [
          16.3113127,
          48.1432504
        ]
      },
      "properties": {
        "id": "street-bump-to-bump-fd069f",
        "name": "Street Bump to Bump",
        "status": "active",
        "photos": [
          "spots/vienna/street-bump-to-bump-fd069f-99d7b055.webp",
          "spots/vienna/street-bump-to-bump-fd069f-f2c9552a.webp"
        ]
      }
    },
    {
      "type": "Feature",
      "geometry": {
        "type": "Point",
        "coordinates": [
          16.3122971,
          48.14306
        ]
      },
      "properties": {
        "id": "big-handrail-354ada",
        "name": "Big Handrail",
        "status": "active",
        "photos": [
          "spots/vienna/big-handrail-354ada-c8957f5f.webp",
          "spots/vienna/big-handrail-354ada-0c7c3c09.webp"
        ]
      }
    },
    {
      "type": "Feature",
      "geometry": {
        "type": "Point",
        "coordinates": [
          16.3671423,
          48.248628
        ]
      },
      "properties": {
        "id": "8-stair-rail-5a0eca",
        "name": "8 Stair Rail",
        "status": "active",
        "photos": [
          "spots/vienna/8-stair-rail-5a0eca-34931ddb.webp",
          "spots/vienna/8-stair-rail-5a0eca-66563e69.webp"
        ]
      }
    },
    {
      "type": "Feature",
      "geometry": {
        "type": "Point",
        "coordinates": [
          16.3100009,
          48.1423159
        ]
      },
      "properties": {
        "id": "little-bank-f66b92",
        "name": "Little Bank",
        "status": "active",
        "photos": [
          "spots/vienna/little-bank-f66b92-b6aefef3.webp"
        ]
      }
    },
    {
      "type": "Feature",
      "geometry": {
        "type": "Point",
        "coordinates": [
          16.3104196,
          48.2413194
        ]
      },
      "properties": {
        "id": "poetzleinsdorfer-handrail-7676c7",
        "name": "Pötzleinsdorfer Handrail",
        "status": "active",
        "photos": [
          "spots/vienna/poetzleinsdorfer-handrail-7676c7-3fe92609.webp",
          "spots/vienna/poetzleinsdorfer-handrail-7676c7-4fc1e97f.webp"
        ]
      }
    },
    {
      "type": "Feature",
      "geometry": {
        "type": "Point",
        "coordinates": [
          16.3392984,
          48.1815713
        ]
      },
      "properties": {
        "id": "shitty-wooden-dropledge-8bf8c4",
        "name": "Shitty Wooden Dropledge",
        "status": "active",
        "photos": [
          "spots/vienna/shitty-wooden-dropledge-8bf8c4-ce4f8107.webp",
          "spots/vienna/shitty-wooden-dropledge-8bf8c4-44718f25.webp"
        ]
      }
    },
    {
      "type": "Feature",
      "geometry": {
        "type": "Point",
        "coordinates": [
          16.3452944,
          48.1799768
        ]
      },
      "properties": {
        "id": "downhill-curbs-manny-pad-45644f",
        "name": "Downhill Curbs/Manny Pad",
        "status": "active",
        "photos": [
          "spots/vienna/downhill-curbs-manny-pad-45644f-c115da34.webp",
          "spots/vienna/downhill-curbs-manny-pad-45644f-962b1818.webp"
        ]
      }
    },
    {
      "type": "Feature",
      "geometry": {
        "type": "Point",
        "coordinates": [
          16.3777587,
          48.208566
        ]
      },
      "properties": {
        "id": "bakerstreet-curb-1957e1",
        "name": "Bakerstreet Curb",
        "status": "active",
        "photos": [
          "spots/vienna/bakerstreet-curb-1957e1-59111850.webp"
        ]
      }
    },
    {
      "type": "Feature",
      "geometry": {
        "type": "Point",
        "coordinates": [
          16.3457228,
          48.1796446
        ]
      },
      "properties": {
        "id": "manny-pads-88d3de",
        "name": "Manny Pads",
        "status": "active",
        "photos": [
          "spots/vienna/manny-pads-88d3de-0c382240.webp",
          "spots/vienna/manny-pads-88d3de-b0276c1d.webp"
        ]
      }
    },
    {
      "type": "Feature",
      "geometry": {
        "type": "Point",
        "coordinates": [
          16.3446946,
          48.1801878
        ]
      },
      "properties": {
        "id": "rohrauer-fuer-fortgeschrittene-85e48a",
        "name": "Rohrauer für Fortgeschrittene",
        "status": "active",
        "photos": [
          "spots/vienna/rohrauer-fuer-fortgeschrittene-85e48a-bfe3bbea.webp"
        ]
      }
    },
    {
      "type": "Feature",
      "geometry": {
        "type": "Point",
        "coordinates": [
          16.3727281,
          48.218386
        ]
      },
      "properties": {
        "id": "statuencurb-1106d8",
        "name": "Statuencurb",
        "status": "active",
        "photos": [
          "spots/vienna/statuencurb-1106d8-91d70db0.webp"
        ]
      }
    },
    {
      "type": "Feature",
      "geometry": {
        "type": "Point",
        "coordinates": [
          16.3739294,
          48.2167121
        ]
      },
      "properties": {
        "id": "donaukanal-big-ollie-spot-f1ea66",
        "name": "Donaukanal Big Ollie Spot",
        "status": "active",
        "photos": [
          "spots/vienna/donaukanal-big-ollie-spot-f1ea66-cc2f59c4.webp",
          "spots/vienna/donaukanal-big-ollie-spot-f1ea66-a521c07a.webp",
          "spots/vienna/donaukanal-big-ollie-spot-f1ea66-63f98275.webp"
        ]
      }
    },
    {
      "type": "Feature",
      "geometry": {
        "type": "Point",
        "coordinates": [
          16.3771256,
          48.2140715
        ]
      },
      "properties": {
        "id": "raiffeisen-11-stair-920215",
        "name": "Raiffeisen 11 Stair",
        "status": "active",
        "photos": [
          "spots/vienna/raiffeisen-11-stair-920215-9359f194.webp",
          "spots/vienna/raiffeisen-11-stair-920215-28e5a44d.webp"
        ]
      }
    },
    {
      "type": "Feature",
      "geometry": {
        "type": "Point",
        "coordinates": [
          16.4006698,
          48.2013981
        ]
      },
      "properties": {
        "id": "gap-to-block-d8eb46",
        "name": "Gap to Block",
        "status": "active",
        "photos": [
          "spots/vienna/gap-to-block-d8eb46-286bafdd.webp",
          "spots/vienna/gap-to-block-d8eb46-d8411656.webp",
          "spots/vienna/gap-to-block-d8eb46-be373af2.webp"
        ]
      }
    },
    {
      "type": "Feature",
      "geometry": {
        "type": "Point",
        "coordinates": [
          16.2816641,
          48.1915451
        ]
      },
      "properties": {
        "id": "low-to-high-ledge-d84ba8",
        "name": "Low to High Ledge",
        "status": "active",
        "photos": [
          "spots/vienna/low-to-high-ledge-d84ba8-d16f2d14.webp"
        ]
      }
    },
    {
      "type": "Feature",
      "geometry": {
        "type": "Point",
        "coordinates": [
          16.4091987,
          48.2130067
        ]
      },
      "properties": {
        "id": "wu-long-uprail-7de00e",
        "name": "WU Long Uprail",
        "status": "active",
        "photos": [
          "spots/vienna/wu-long-uprail-7de00e-bd396195.webp"
        ]
      }
    },
    {
      "type": "Feature",
      "geometry": {
        "type": "Point",
        "coordinates": [
          16.3854366,
          48.2096081
        ]
      },
      "properties": {
        "id": "flatbars-bump-to-curb-40f3e0",
        "name": "Flatbars + Bump to \"Curb\" (?)",
        "status": "active",
        "photos": [
          "spots/vienna/flatbars-bump-to-curb-40f3e0-234a3017.webp",
          "spots/vienna/flatbars-bump-to-curb-40f3e0-8963cb78.webp"
        ]
      }
    },
    {
      "type": "Feature",
      "geometry": {
        "type": "Point",
        "coordinates": [
          16.3349482,
          48.1848253
        ]
      },
      "properties": {
        "id": "bratansplaza-84d568",
        "name": "Bratansplaza",
        "status": "active",
        "photos": [
          "spots/vienna/bratansplaza-84d568-ea1b7736.webp",
          "spots/vienna/bratansplaza-84d568-8d21fc4d.webp"
        ]
      }
    },
    {
      "type": "Feature",
      "geometry": {
        "type": "Point",
        "coordinates": [
          16.4152389,
          48.1868815
        ]
      },
      "properties": {
        "id": "bank-to-slappy-29525d",
        "name": "Bank to Slappy",
        "status": "active",
        "photos": [
          "spots/vienna/bank-to-slappy-29525d-c6350bed.webp",
          "spots/vienna/bank-to-slappy-29525d-f025faee.webp"
        ]
      }
    },
    {
      "type": "Feature",
      "geometry": {
        "type": "Point",
        "coordinates": [
          16.417259,
          48.1874378
        ]
      },
      "properties": {
        "id": "zgonc-parkplatz-d4a4e9",
        "name": "Zgonc Parkplatz",
        "status": "active",
        "photos": [
          "spots/vienna/zgonc-parkplatz-d4a4e9-9f767f6d.webp",
          "spots/vienna/zgonc-parkplatz-d4a4e9-9082085f.webp",
          "spots/vienna/zgonc-parkplatz-d4a4e9-be6430bd.webp",
          "spots/vienna/zgonc-parkplatz-d4a4e9-c24e7305.webp",
          "spots/vienna/zgonc-parkplatz-d4a4e9-8cecda72.webp",
          "spots/vienna/zgonc-parkplatz-d4a4e9-31b5a009.webp"
        ]
      }
    },
    {
      "type": "Feature",
      "geometry": {
        "type": "Point",
        "coordinates": [
          16.4133926,
          48.1923575
        ]
      },
      "properties": {
        "id": "erdberg-downledge-5f865e",
        "name": "Erdberg Downledge",
        "status": "active",
        "photos": [
          "spots/vienna/erdberg-downledge-5f865e-b76189ec.webp",
          "spots/vienna/erdberg-downledge-5f865e-e787dcd3.webp"
        ]
      }
    },
    {
      "type": "Feature",
      "geometry": {
        "type": "Point",
        "coordinates": [
          16.4133269,
          48.1934173
        ]
      },
      "properties": {
        "id": "high-wood-ledge-999ebb",
        "name": "High Wood Ledge",
        "status": "active",
        "photos": [
          "spots/vienna/high-wood-ledge-999ebb-435dcadc.webp",
          "spots/vienna/high-wood-ledge-999ebb-daf5c708.webp"
        ]
      }
    },
    {
      "type": "Feature",
      "geometry": {
        "type": "Point",
        "coordinates": [
          16.2545592,
          48.1340844
        ]
      },
      "properties": {
        "id": "liesling-handrail-2848df",
        "name": "Liesling Handrail",
        "status": "active",
        "photos": [
          "spots/vienna/liesling-handrail-2848df-2b360f69.webp",
          "spots/vienna/liesling-handrail-2848df-2945b128.webp",
          "spots/vienna/liesling-handrail-2848df-fe928829.webp"
        ]
      }
    },
    {
      "type": "Feature",
      "geometry": {
        "type": "Point",
        "coordinates": [
          16.3181577,
          48.214623
        ]
      },
      "properties": {
        "id": "spoff-rail-36ce24",
        "name": "Spoff Rail",
        "status": "active",
        "photos": [
          "spots/vienna/spoff-rail-36ce24-b959dc61.webp",
          "spots/vienna/spoff-rail-36ce24-3be5b0c3.webp",
          "spots/vienna/spoff-rail-36ce24-1639702d.webp",
          "spots/vienna/spoff-rail-36ce24-3f002a06.webp"
        ]
      }
    },
    {
      "type": "Feature",
      "geometry": {
        "type": "Point",
        "coordinates": [
          16.3569565,
          48.2255122
        ]
      },
      "properties": {
        "id": "gap-over-rail-ded6f9",
        "name": "Gap over Rail",
        "status": "active",
        "photos": [
          "spots/vienna/gap-over-rail-ded6f9-e75e14db.webp",
          "spots/vienna/gap-over-rail-ded6f9-c84119e7.webp",
          "spots/vienna/gap-over-rail-ded6f9-254a5224.webp"
        ]
      }
    },
    {
      "type": "Feature",
      "geometry": {
        "type": "Point",
        "coordinates": [
          16.3484166,
          48.1527917
        ]
      },
      "properties": {
        "id": "big-rail-d8498e",
        "name": "Big Rail",
        "status": "active",
        "photos": [
          "spots/vienna/big-rail-d8498e-5f8010e8.webp",
          "spots/vienna/big-rail-d8498e-c18ba8c8.webp",
          "spots/vienna/big-rail-d8498e-511bfd03.webp",
          "spots/vienna/big-rail-d8498e-1a76dd17.webp",
          "spots/vienna/big-rail-d8498e-55564bff.webp",
          "spots/vienna/big-rail-d8498e-75aefc56.webp"
        ]
      }
    },
    {
      "type": "Feature",
      "geometry": {
        "type": "Point",
        "coordinates": [
          16.3845522,
          48.1806769
        ]
      },
      "properties": {
        "id": "new-arsenal-curb-4e9595",
        "name": "New Arsenal Curb",
        "status": "active",
        "photos": [
          "spots/vienna/new-arsenal-curb-4e9595-d54ce290.webp",
          "spots/vienna/new-arsenal-curb-4e9595-f57d6ee8.webp"
        ]
      }
    },
    {
      "type": "Feature",
      "geometry": {
        "type": "Point",
        "coordinates": [
          16.397899,
          48.1713899
        ]
      },
      "properties": {
        "id": "tangentenpark-e000f7",
        "name": "Tangentenpark",
        "status": "active",
        "photos": [
          "spots/vienna/tangentenpark-e000f7-b63c4c29.webp"
        ]
      }
    },
    {
      "type": "Feature",
      "geometry": {
        "type": "Point",
        "coordinates": [
          16.3255437,
          48.1840159
        ]
      },
      "properties": {
        "id": "meidling-macba-a2b893",
        "name": "Meidling MACBA",
        "status": "active",
        "photos": [
          "spots/vienna/meidling-macba-a2b893-d309e9e5.webp",
          "spots/vienna/meidling-macba-a2b893-a3a66718.webp"
        ]
      }
    },
    {
      "type": "Feature",
      "geometry": {
        "type": "Point",
        "coordinates": [
          16.3489376,
          48.1751156
        ]
      },
      "properties": {
        "id": "kundratstrasse-block-d6644a",
        "name": "Kundratstraße Block",
        "status": "active",
        "photos": [
          "spots/vienna/kundratstrasse-block-d6644a-881f2189.webp"
        ]
      }
    },
    {
      "type": "Feature",
      "geometry": {
        "type": "Point",
        "coordinates": [
          16.3186515,
          48.1963178
        ]
      },
      "properties": {
        "id": "forschneritschpark-1fdcba",
        "name": "Forschneritschpark",
        "status": "active",
        "photos": [
          "spots/vienna/forschneritschpark-1fdcba-904b4b30.webp",
          "spots/vienna/forschneritschpark-1fdcba-3f0a7f55.webp"
        ]
      }
    },
    {
      "type": "Feature",
      "geometry": {
        "type": "Point",
        "coordinates": [
          16.3977903,
          48.1711067
        ]
      },
      "properties": {
        "id": "big-double-kink-858439",
        "name": "Big Double Kink",
        "status": "active",
        "photos": [
          "spots/vienna/big-double-kink-858439-ea2bec4c.webp",
          "spots/vienna/big-double-kink-858439-51002b6c.webp"
        ]
      }
    },
    {
      "type": "Feature",
      "geometry": {
        "type": "Point",
        "coordinates": [
          16.3562566,
          48.2255872
        ]
      },
      "properties": {
        "id": "big-gap-over-rail-7e4d51",
        "name": "Big Gap over Rail",
        "status": "active",
        "photos": [
          "spots/vienna/big-gap-over-rail-7e4d51-44342af0.webp",
          "spots/vienna/big-gap-over-rail-7e4d51-3625a54a.webp",
          "spots/vienna/big-gap-over-rail-7e4d51-499dd601.webp"
        ]
      }
    },
    {
      "type": "Feature",
      "geometry": {
        "type": "Point",
        "coordinates": [
          16.3496986,
          48.2252012
        ]
      },
      "properties": {
        "id": "waehringer-strasse-manny-pad-dda376",
        "name": "Währinger Straße Manny Pad",
        "status": "active",
        "photos": [
          "spots/vienna/waehringer-strasse-manny-pad-dda376-3f46ff12.webp",
          "spots/vienna/waehringer-strasse-manny-pad-dda376-cfa0397f.webp",
          "spots/vienna/waehringer-strasse-manny-pad-dda376-24cb407e.webp"
        ]
      }
    },
    {
      "type": "Feature",
      "geometry": {
        "type": "Point",
        "coordinates": [
          16.3566789,
          48.2263159
        ]
      },
      "properties": {
        "id": "5-stair-handrail-cb3462",
        "name": "5 Stair Handrail",
        "status": "active",
        "photos": [
          "spots/vienna/5-stair-handrail-cb3462-18df567e.webp",
          "spots/vienna/5-stair-handrail-cb3462-92822965.webp"
        ]
      }
    },
    {
      "type": "Feature",
      "geometry": {
        "type": "Point",
        "coordinates": [
          16.3583407,
          48.2255819
        ]
      },
      "properties": {
        "id": "stairsets-f91be2",
        "name": "Stairsets",
        "status": "active",
        "photos": [
          "spots/vienna/stairsets-f91be2-8dede705.webp",
          "spots/vienna/stairsets-f91be2-e799fe87.webp",
          "spots/vienna/stairsets-f91be2-6c13fd53.webp",
          "spots/vienna/stairsets-f91be2-3c3c3deb.webp",
          "spots/vienna/stairsets-f91be2-a20589f5.webp",
          "spots/vienna/stairsets-f91be2-e357a713.webp",
          "spots/vienna/stairsets-f91be2-952ae69e.webp",
          "spots/vienna/stairsets-f91be2-3cb4d553.webp"
        ]
      }
    },
    {
      "type": "Feature",
      "geometry": {
        "type": "Point",
        "coordinates": [
          16.3572619,
          48.2273299
        ]
      },
      "properties": {
        "id": "marktgasse-curb-9aee6b",
        "name": "Marktgasse Curb",
        "status": "active",
        "photos": [
          "spots/vienna/marktgasse-curb-9aee6b-505c72d9.webp",
          "spots/vienna/marktgasse-curb-9aee6b-3b91d7b4.webp",
          "spots/vienna/marktgasse-curb-9aee6b-dedd5e2c.webp"
        ]
      }
    },
    {
      "type": "Feature",
      "geometry": {
        "type": "Point",
        "coordinates": [
          16.3558839,
          48.2271913
        ]
      },
      "properties": {
        "id": "antispot-bank-907e19",
        "name": "Antispot Bank",
        "status": "active",
        "photos": [
          "spots/vienna/antispot-bank-907e19-18df9844.webp",
          "spots/vienna/antispot-bank-907e19-56514672.webp"
        ]
      }
    },
    {
      "type": "Feature",
      "geometry": {
        "type": "Point",
        "coordinates": [
          16.2919199,
          48.1973951
        ]
      },
      "properties": {
        "id": "somogyi-hof-triple-set-052d09",
        "name": "Somogyi Hof Triple Set",
        "status": "active",
        "photos": [
          "spots/vienna/somogyi-hof-triple-set-052d09-a4ee2904.webp",
          "spots/vienna/somogyi-hof-triple-set-052d09-903458b2.webp",
          "spots/vienna/somogyi-hof-triple-set-052d09-19b4a055.webp"
        ]
      }
    },
    {
      "type": "Feature",
      "geometry": {
        "type": "Point",
        "coordinates": [
          16.4030421,
          48.1754995
        ]
      },
      "properties": {
        "id": "stairs-gaps-and-huge-block-333d63",
        "name": "Stairs, Gaps and Huge Block",
        "status": "active",
        "photos": [
          "spots/vienna/stairs-gaps-and-huge-block-333d63-fe240d4a.webp",
          "spots/vienna/stairs-gaps-and-huge-block-333d63-0dd16830.webp",
          "spots/vienna/stairs-gaps-and-huge-block-333d63-cbbbe0a4.webp",
          "spots/vienna/stairs-gaps-and-huge-block-333d63-52e81838.webp",
          "spots/vienna/stairs-gaps-and-huge-block-333d63-9ac9510a.webp",
          "spots/vienna/stairs-gaps-and-huge-block-333d63-fe4b9e79.webp",
          "spots/vienna/stairs-gaps-and-huge-block-333d63-78753dc6.webp"
        ]
      }
    },
    {
      "type": "Feature",
      "geometry": {
        "type": "Point",
        "coordinates": [
          16.3062292,
          48.1983391
        ]
      },
      "properties": {
        "id": "breitensee-curb-fe940e",
        "name": "Breitensee Curb",
        "status": "active",
        "photos": [
          "spots/vienna/breitensee-curb-fe940e-4bedd242.webp",
          "spots/vienna/breitensee-curb-fe940e-a3e1a35e.webp"
        ]
      }
    },
    {
      "type": "Feature",
      "geometry": {
        "type": "Point",
        "coordinates": [
          16.3720766,
          48.1767218
        ]
      },
      "properties": {
        "id": "rainbow-rail-b4572b",
        "name": "Rainbow Rail",
        "status": "active",
        "photos": [
          "spots/vienna/rainbow-rail-b4572b-8b91b2cb.webp"
        ]
      }
    },
    {
      "type": "Feature",
      "geometry": {
        "type": "Point",
        "coordinates": [
          16.3933136,
          48.1984579
        ]
      },
      "properties": {
        "id": "little-bank-d6ace3",
        "name": "Little Bank",
        "status": "active",
        "photos": [
          "spots/vienna/little-bank-d6ace3-a79e3690.webp"
        ]
      }
    },
    {
      "type": "Feature",
      "geometry": {
        "type": "Point",
        "coordinates": [
          16.3057501,
          48.2006259
        ]
      },
      "properties": {
        "id": "brick-blocks-e9a922",
        "name": "Brick Blocks",
        "status": "active",
        "photos": [
          "spots/vienna/brick-blocks-e9a922-c2f7ba3e.webp",
          "spots/vienna/brick-blocks-e9a922-896f250c.webp"
        ]
      }
    },
    {
      "type": "Feature",
      "geometry": {
        "type": "Point",
        "coordinates": [
          16.3073192,
          48.2002863
        ]
      },
      "properties": {
        "id": "big-hubba-c82f30",
        "name": "Big Hubba",
        "status": "active",
        "photos": [
          "spots/vienna/big-hubba-c82f30-4d2309f0.webp"
        ]
      }
    },
    {
      "type": "Feature",
      "geometry": {
        "type": "Point",
        "coordinates": [
          16.3074372,
          48.2006134
        ]
      },
      "properties": {
        "id": "low-to-high-curbs-ff2d09",
        "name": "Low to High Curbs",
        "status": "active",
        "photos": [
          "spots/vienna/low-to-high-curbs-ff2d09-0c3dc4ec.webp"
        ]
      }
    },
    {
      "type": "Feature",
      "geometry": {
        "type": "Point",
        "coordinates": [
          16.282809,
          48.1899509
        ]
      },
      "properties": {
        "id": "gap-over-rail-075ea1",
        "name": "Gap over Rail",
        "status": "active",
        "photos": [
          "spots/vienna/gap-over-rail-075ea1-2a0b7932.webp",
          "spots/vienna/gap-over-rail-075ea1-744d0622.webp",
          "spots/vienna/gap-over-rail-075ea1-913420ce.webp"
        ]
      }
    },
    {
      "type": "Feature",
      "geometry": {
        "type": "Point",
        "coordinates": [
          16.3938717,
          48.2462925
        ]
      },
      "properties": {
        "id": "neue-donau-manny-pad-110adb",
        "name": "Neue Donau Manny Pad",
        "status": "active",
        "photos": [
          "spots/vienna/neue-donau-manny-pad-110adb-3e5482c9.webp"
        ]
      }
    },
    {
      "type": "Feature",
      "geometry": {
        "type": "Point",
        "coordinates": [
          16.3377745,
          48.1868104
        ]
      },
      "properties": {
        "id": "super-crust-hubba-78c1c0",
        "name": "Super Crust Hubba",
        "status": "active",
        "photos": [
          "spots/vienna/super-crust-hubba-78c1c0-e4e26839.webp",
          "spots/vienna/super-crust-hubba-78c1c0-b8d471dd.webp"
        ]
      }
    },
    {
      "type": "Feature",
      "geometry": {
        "type": "Point",
        "coordinates": [
          16.378729,
          48.0808968
        ]
      },
      "properties": {
        "id": "achau-blocks-918eee",
        "name": "Achau Blocks",
        "status": "active",
        "photos": [
          "spots/vienna/achau-blocks-918eee-7e16e2e8.webp"
        ]
      }
    },
    {
      "type": "Feature",
      "geometry": {
        "type": "Point",
        "coordinates": [
          16.2131,
          48.2068598
        ]
      },
      "properties": {
        "id": "wallenberg-91dff5",
        "name": "Wallenberg",
        "status": "active",
        "photos": [
          "spots/vienna/wallenberg-91dff5-dc37a50a.webp",
          "spots/vienna/wallenberg-91dff5-0329882f.webp",
          "spots/vienna/wallenberg-91dff5-3d007d6d.webp",
          "spots/vienna/wallenberg-91dff5-2f78717f.webp"
        ]
      }
    },
    {
      "type": "Feature",
      "geometry": {
        "type": "Point",
        "coordinates": [
          16.4136084,
          48.2297103
        ]
      },
      "properties": {
        "id": "copa-gaps-3e13f4",
        "name": "Copa Gaps",
        "status": "active",
        "photos": [
          "spots/vienna/copa-gaps-3e13f4-5ea624bd.webp",
          "spots/vienna/copa-gaps-3e13f4-a1e74a61.webp",
          "spots/vienna/copa-gaps-3e13f4-ebd5b89f.webp",
          "spots/vienna/copa-gaps-3e13f4-2681bf80.webp",
          "spots/vienna/copa-gaps-3e13f4-7d0bbe87.webp",
          "spots/vienna/copa-gaps-3e13f4-5a57ddc9.webp"
        ]
      }
    },
    {
      "type": "Feature",
      "geometry": {
        "type": "Point",
        "coordinates": [
          16.3198203,
          48.1929932
        ]
      },
      "properties": {
        "id": "westbahnhof-crust-gap-cd8eab",
        "name": "Westbahnhof Crust Gap",
        "status": "active",
        "photos": [
          "spots/vienna/westbahnhof-crust-gap-cd8eab-4d3dba9f.webp",
          "spots/vienna/westbahnhof-crust-gap-cd8eab-cddff445.webp",
          "spots/vienna/westbahnhof-crust-gap-cd8eab-7dc46ef8.webp",
          "spots/vienna/westbahnhof-crust-gap-cd8eab-baa2ed7e.webp"
        ]
      }
    },
    {
      "type": "Feature",
      "geometry": {
        "type": "Point",
        "coordinates": [
          16.2686069,
          48.2211554
        ]
      },
      "properties": {
        "id": "wilhelminenberg-curb-60a7bc",
        "name": "Wilhelminenberg Curb",
        "status": "active",
        "photos": [
          "spots/vienna/wilhelminenberg-curb-60a7bc-73e2f64d.webp"
        ]
      }
    },
    {
      "type": "Feature",
      "geometry": {
        "type": "Point",
        "coordinates": [
          16.2136733,
          48.2064008
        ]
      },
      "properties": {
        "id": "wobble-antispot-ac664d",
        "name": "Wobble Antispot",
        "status": "active",
        "photos": [
          "spots/vienna/wobble-antispot-ac664d-565ede3a.webp",
          "spots/vienna/wobble-antispot-ac664d-12141c4b.webp"
        ]
      }
    },
    {
      "type": "Feature",
      "geometry": {
        "type": "Point",
        "coordinates": [
          16.2925563,
          48.2222332
        ]
      },
      "properties": {
        "id": "sf-gap-into-downhill-2a005d",
        "name": "SF Gap into Downhill",
        "status": "active",
        "photos": [
          "spots/vienna/sf-gap-into-downhill-2a005d-d054406c.webp",
          "spots/vienna/sf-gap-into-downhill-2a005d-b1331338.webp",
          "spots/vienna/sf-gap-into-downhill-2a005d-deb7042b.webp",
          "spots/vienna/sf-gap-into-downhill-2a005d-17a6995f.webp",
          "spots/vienna/sf-gap-into-downhill-2a005d-8f9d6fd9.webp",
          "spots/vienna/sf-gap-into-downhill-2a005d-75499ecb.webp"
        ]
      }
    },
    {
      "type": "Feature",
      "geometry": {
        "type": "Point",
        "coordinates": [
          16.278261,
          48.2098988
        ]
      },
      "properties": {
        "id": "antispot-dropin-c76478",
        "name": "Antispot Dropin",
        "status": "active",
        "photos": [
          "spots/vienna/antispot-dropin-c76478-79d8c0c1.webp",
          "spots/vienna/antispot-dropin-c76478-69adc941.webp",
          "spots/vienna/antispot-dropin-c76478-6376392c.webp"
        ]
      }
    },
    {
      "type": "Feature",
      "geometry": {
        "type": "Point",
        "coordinates": [
          16.3025769,
          48.1880949
        ]
      },
      "properties": {
        "id": "wienfluss-curb-5b8b6b",
        "name": "Wienfluss Curb",
        "status": "active",
        "photos": [
          "spots/vienna/wienfluss-curb-5b8b6b-bd3eb677.webp",
          "spots/vienna/wienfluss-curb-5b8b6b-f3c59835.webp"
        ]
      }
    },
    {
      "type": "Feature",
      "geometry": {
        "type": "Point",
        "coordinates": [
          16.3310548,
          48.2026771
        ]
      },
      "properties": {
        "id": "kicker-e646cd",
        "name": "Kicker",
        "status": "active",
        "photos": [
          "spots/vienna/kicker-e646cd-84917eb0.webp",
          "spots/vienna/kicker-e646cd-915b895a.webp",
          "spots/vienna/kicker-e646cd-18c16d44.webp"
        ]
      }
    },
    {
      "type": "Feature",
      "geometry": {
        "type": "Point",
        "coordinates": [
          16.3320003,
          48.2035008
        ]
      },
      "properties": {
        "id": "crust-banana-slappy-0eda60",
        "name": "Crust Banana Slappy",
        "status": "active",
        "photos": [
          "spots/vienna/crust-banana-slappy-0eda60-6b711026.webp"
        ]
      }
    },
    {
      "type": "Feature",
      "geometry": {
        "type": "Point",
        "coordinates": [
          16.3328669,
          48.2034355
        ]
      },
      "properties": {
        "id": "mini-dropledges-5c962c",
        "name": "Mini Dropledges",
        "status": "active",
        "photos": [
          "spots/vienna/mini-dropledges-5c962c-f13e0978.webp",
          "spots/vienna/mini-dropledges-5c962c-e55fdb2a.webp"
        ]
      }
    },
    {
      "type": "Feature",
      "geometry": {
        "type": "Point",
        "coordinates": [
          16.3324812,
          48.1964424
        ]
      },
      "properties": {
        "id": "low-to-high-ledge-73e819",
        "name": "Low to High Ledge",
        "status": "active",
        "photos": [
          "spots/vienna/low-to-high-ledge-73e819-0a836af5.webp",
          "spots/vienna/low-to-high-ledge-73e819-cc13ceb2.webp"
        ]
      }
    },
    {
      "type": "Feature",
      "geometry": {
        "type": "Point",
        "coordinates": [
          16.4131644,
          48.2200657
        ]
      },
      "properties": {
        "id": "wallride-6610a1",
        "name": "Wallride",
        "status": "active",
        "photos": [
          "spots/vienna/wallride-6610a1-00eb0693.webp"
        ]
      }
    },
    {
      "type": "Feature",
      "geometry": {
        "type": "Point",
        "coordinates": [
          16.3368753,
          48.1561423
        ]
      },
      "properties": {
        "id": "very-long-handrail-d5682f",
        "name": "Very Long Handrail",
        "status": "active",
        "photos": [
          "spots/vienna/very-long-handrail-d5682f-117c4f2c.webp",
          "spots/vienna/very-long-handrail-d5682f-21ff6e54.webp"
        ]
      }
    },
    {
      "type": "Feature",
      "geometry": {
        "type": "Point",
        "coordinates": [
          16.3356848,
          48.1577853
        ]
      },
      "properties": {
        "id": "zero-gap-42725c",
        "name": "Zero Gap",
        "status": "active",
        "photos": [
          "spots/vienna/zero-gap-42725c-21d2b8c9.webp",
          "spots/vienna/zero-gap-42725c-a37d0ab3.webp",
          "spots/vienna/zero-gap-42725c-4af7b3b0.webp"
        ]
      }
    },
    {
      "type": "Feature",
      "geometry": {
        "type": "Point",
        "coordinates": [
          16.3123666,
          48.1497838
        ]
      },
      "properties": {
        "id": "crust-quater-882094",
        "name": "Crust Quater",
        "status": "active",
        "photos": [
          "spots/vienna/crust-quater-882094-62fd9578.webp",
          "spots/vienna/crust-quater-882094-b9d5ae7e.webp"
        ]
      }
    },
    {
      "type": "Feature",
      "geometry": {
        "type": "Point",
        "coordinates": [
          16.311297,
          48.1492505
        ]
      },
      "properties": {
        "id": "crust-3-block-83eaf8",
        "name": "Crust 3 Block",
        "status": "active",
        "photos": [
          "spots/vienna/crust-3-block-83eaf8-e7d520bb.webp",
          "spots/vienna/crust-3-block-83eaf8-b379fa8a.webp"
        ]
      }
    },
    {
      "type": "Feature",
      "geometry": {
        "type": "Point",
        "coordinates": [
          16.4019794,
          48.2766852
        ]
      },
      "properties": {
        "id": "floridsdorf-3-block-25509a",
        "name": "Floridsdorf 3 Block",
        "status": "active",
        "photos": [
          "spots/vienna/floridsdorf-3-block-25509a-6b684ae8.webp",
          "spots/vienna/floridsdorf-3-block-25509a-5cc5280a.webp",
          "spots/vienna/floridsdorf-3-block-25509a-b2c83e1d.webp"
        ]
      }
    },
    {
      "type": "Feature",
      "geometry": {
        "type": "Point",
        "coordinates": [
          16.4023166,
          48.277413
        ]
      },
      "properties": {
        "id": "manny-pad-4f27a4",
        "name": "Manny Pad",
        "status": "active",
        "photos": [
          "spots/vienna/manny-pad-4f27a4-58c47f7e.webp",
          "spots/vienna/manny-pad-4f27a4-31665028.webp"
        ]
      }
    },
    {
      "type": "Feature",
      "geometry": {
        "type": "Point",
        "coordinates": [
          16.3650328,
          48.2421683
        ]
      },
      "properties": {
        "id": "antispot-curb-b1bb7c",
        "name": "Antispot Curb",
        "status": "active",
        "photos": [
          "spots/vienna/antispot-curb-b1bb7c-4ddfceb7.webp"
        ]
      }
    },
    {
      "type": "Feature",
      "geometry": {
        "type": "Point",
        "coordinates": [
          16.3661038,
          48.2448346
        ]
      },
      "properties": {
        "id": "mini-low-to-high-ledge-b84eaf",
        "name": "Mini Low to High Ledge",
        "status": "active",
        "photos": [
          "spots/vienna/mini-low-to-high-ledge-b84eaf-f83ea64b.webp",
          "spots/vienna/mini-low-to-high-ledge-b84eaf-0230b8bb.webp",
          "spots/vienna/mini-low-to-high-ledge-b84eaf-44caf69c.webp"
        ]
      }
    },
    {
      "type": "Feature",
      "geometry": {
        "type": "Point",
        "coordinates": [
          16.3655728,
          48.2428361
        ]
      },
      "properties": {
        "id": "super-crust-bank-87e907",
        "name": "Super Crust Bank",
        "status": "active",
        "photos": [
          "spots/vienna/super-crust-bank-87e907-a381344b.webp",
          "spots/vienna/super-crust-bank-87e907-904e5145.webp"
        ]
      }
    },
    {
      "type": "Feature",
      "geometry": {
        "type": "Point",
        "coordinates": [
          16.3667731,
          48.245512
        ]
      },
      "properties": {
        "id": "kronenzeitung-gap-53185a",
        "name": "KronenZeitung Gap",
        "status": "active",
        "photos": [
          "spots/vienna/kronenzeitung-gap-53185a-313161be.webp",
          "spots/vienna/kronenzeitung-gap-53185a-654d77f6.webp",
          "spots/vienna/kronenzeitung-gap-53185a-19357742.webp"
        ]
      }
    },
    {
      "type": "Feature",
      "geometry": {
        "type": "Point",
        "coordinates": [
          16.3398181,
          48.1525283
        ]
      },
      "properties": {
        "id": "curbs-b70790",
        "name": "Curbs",
        "status": "active",
        "photos": [
          "spots/vienna/curbs-b70790-5b39dc69.webp",
          "spots/vienna/curbs-b70790-64191018.webp"
        ]
      }
    },
    {
      "type": "Feature",
      "geometry": {
        "type": "Point",
        "coordinates": [
          16.3357548,
          48.2022939
        ]
      },
      "properties": {
        "id": "stadthalle-long-ledge-69e947",
        "name": "Stadthalle Long Ledge",
        "status": "active",
        "photos": [
          "spots/vienna/stadthalle-long-ledge-69e947-083af5d2.webp"
        ]
      }
    },
    {
      "type": "Feature",
      "geometry": {
        "type": "Point",
        "coordinates": [
          16.2440176,
          48.2002175
        ]
      },
      "properties": {
        "id": "crust-bank-e9f772",
        "name": "Crust Bank",
        "status": "active",
        "photos": [
          "spots/vienna/crust-bank-e9f772-5ed68cc1.webp",
          "spots/vienna/crust-bank-e9f772-6940c346.webp"
        ]
      }
    },
    {
      "type": "Feature",
      "geometry": {
        "type": "Point",
        "coordinates": [
          16.4033745,
          48.1960619
        ]
      },
      "properties": {
        "id": "pfanner-rail-da3b56",
        "name": "Pfanner Rail",
        "status": "active",
        "photos": [
          "spots/vienna/pfanner-rail-da3b56-beba1e40.webp",
          "spots/vienna/pfanner-rail-da3b56-35dbfe85.webp",
          "spots/vienna/pfanner-rail-da3b56-50d28089.webp"
        ]
      }
    },
    {
      "type": "Feature",
      "geometry": {
        "type": "Point",
        "coordinates": [
          16.4099475,
          48.2284724
        ]
      },
      "properties": {
        "id": "og-spot-136cdc",
        "name": "OG Spot",
        "status": "active",
        "photos": [
          "spots/vienna/og-spot-136cdc-4fa4a3ea.webp",
          "spots/vienna/og-spot-136cdc-486d3983.webp"
        ]
      }
    },
    {
      "type": "Feature",
      "geometry": {
        "type": "Point",
        "coordinates": [
          16.3041592,
          48.2135373
        ]
      },
      "properties": {
        "id": "gap-over-hubba-4f07b0",
        "name": "Gap over Hubba",
        "status": "active",
        "photos": [
          "spots/vienna/gap-over-hubba-4f07b0-f857b3e1.webp",
          "spots/vienna/gap-over-hubba-4f07b0-2c5fd2f5.webp"
        ]
      }
    },
    {
      "type": "Feature",
      "geometry": {
        "type": "Point",
        "coordinates": [
          16.3401305,
          48.1925624
        ]
      },
      "properties": {
        "id": "mittelgasse-schule-aa6245",
        "name": "Mittelgasse Schule",
        "status": "active",
        "photos": [
          "spots/vienna/mittelgasse-schule-aa6245-507bfe31.webp",
          "spots/vienna/mittelgasse-schule-aa6245-017c3d00.webp",
          "spots/vienna/mittelgasse-schule-aa6245-bad00a8b.webp",
          "spots/vienna/mittelgasse-schule-aa6245-0d6dc799.webp"
        ]
      }
    },
    {
      "type": "Feature",
      "geometry": {
        "type": "Point",
        "coordinates": [
          16.4019513,
          48.1972841
        ]
      },
      "properties": {
        "id": "kardinal-nagl-platz-gap-1628c0",
        "name": "Kardinal Nagl Platz Gap",
        "status": "active",
        "photos": [
          "spots/vienna/kardinal-nagl-platz-gap-1628c0-9db16525.webp",
          "spots/vienna/kardinal-nagl-platz-gap-1628c0-f2f7d559.webp",
          "spots/vienna/kardinal-nagl-platz-gap-1628c0-ff04ab2a.webp"
        ]
      }
    },
    {
      "type": "Feature",
      "geometry": {
        "type": "Point",
        "coordinates": [
          16.2657031,
          48.1938247
        ]
      },
      "properties": {
        "id": "wienzeile-gap-3bea63",
        "name": "Wienzeile Gap",
        "status": "active",
        "photos": [
          "spots/vienna/wienzeile-gap-3bea63-7811d9da.webp",
          "spots/vienna/wienzeile-gap-3bea63-b9895eb1.webp",
          "spots/vienna/wienzeile-gap-3bea63-7af944c4.webp",
          "spots/vienna/wienzeile-gap-3bea63-b503cb7d.webp",
          "spots/vienna/wienzeile-gap-3bea63-5e340dd1.webp",
          "spots/vienna/wienzeile-gap-3bea63-84c246fb.webp",
          "spots/vienna/wienzeile-gap-3bea63-b24c4db7.webp"
        ]
      }
    },
    {
      "type": "Feature",
      "geometry": {
        "type": "Point",
        "coordinates": [
          16.2187166,
          48.2077453
        ]
      },
      "properties": {
        "id": "auhof-6-stair-1aad45",
        "name": "Auhof 6 Stair",
        "status": "active",
        "photos": [
          "spots/vienna/auhof-6-stair-1aad45-99b398be.webp",
          "spots/vienna/auhof-6-stair-1aad45-2a0b03ef.webp",
          "spots/vienna/auhof-6-stair-1aad45-5650ed83.webp"
        ]
      }
    },
    {
      "type": "Feature",
      "geometry": {
        "type": "Point",
        "coordinates": [
          16.309252,
          48.2054697
        ]
      },
      "properties": {
        "id": "kendler-14er-07ee33",
        "name": "Kendler 14er",
        "status": "active",
        "photos": [
          "spots/vienna/kendler-14er-07ee33-5f5d265b.webp",
          "spots/vienna/kendler-14er-07ee33-e5bc4da9.webp",
          "spots/vienna/kendler-14er-07ee33-1cfc87bf.webp"
        ]
      }
    },
    {
      "type": "Feature",
      "geometry": {
        "type": "Point",
        "coordinates": [
          16.3045785,
          48.2080947
        ]
      },
      "properties": {
        "id": "9-stair-handrail-b32df3",
        "name": "9 Stair Handrail",
        "status": "active",
        "photos": [
          "spots/vienna/9-stair-handrail-b32df3-ba85eba5.webp",
          "spots/vienna/9-stair-handrail-b32df3-6fe68724.webp"
        ]
      }
    },
    {
      "type": "Feature",
      "geometry": {
        "type": "Point",
        "coordinates": [
          16.3066759,
          48.2009707
        ]
      },
      "properties": {
        "id": "mannypads-51c094",
        "name": "Mannypads",
        "status": "active",
        "photos": [
          "spots/vienna/mannypads-51c094-377d683e.webp",
          "spots/vienna/mannypads-51c094-b62e0406.webp",
          "spots/vienna/mannypads-51c094-ae8a7b34.webp",
          "spots/vienna/mannypads-51c094-ef3062b1.webp",
          "spots/vienna/mannypads-51c094-78a565ae.webp"
        ]
      }
    },
    {
      "type": "Feature",
      "geometry": {
        "type": "Point",
        "coordinates": [
          16.3073539,
          48.2188036
        ]
      },
      "properties": {
        "id": "2-stair-kicker-dc43f6",
        "name": "2 Stair Kicker",
        "status": "active",
        "photos": [
          "spots/vienna/2-stair-kicker-dc43f6-7ef8cc47.webp",
          "spots/vienna/2-stair-kicker-dc43f6-89a3e8b6.webp",
          "spots/vienna/2-stair-kicker-dc43f6-f16dfcfa.webp",
          "spots/vienna/2-stair-kicker-dc43f6-7970ea60.webp"
        ]
      }
    },
    {
      "type": "Feature",
      "geometry": {
        "type": "Point",
        "coordinates": [
          16.2942777,
          48.2010019
        ]
      },
      "properties": {
        "id": "super-crust-antispot-kicker-ad17d2",
        "name": "Super Crust Antispot Kicker",
        "status": "active",
        "photos": [
          "spots/vienna/super-crust-antispot-kicker-ad17d2-f9a3701f.webp",
          "spots/vienna/super-crust-antispot-kicker-ad17d2-000f8ccd.webp",
          "spots/vienna/super-crust-antispot-kicker-ad17d2-7968eadf.webp",
          "spots/vienna/super-crust-antispot-kicker-ad17d2-2d6b1f85.webp",
          "spots/vienna/super-crust-antispot-kicker-ad17d2-7cfae960.webp"
        ]
      }
    },
    {
      "type": "Feature",
      "geometry": {
        "type": "Point",
        "coordinates": [
          16.295284,
          48.204871
        ]
      },
      "properties": {
        "id": "high-flatbar-a63589",
        "name": "High Flatbar",
        "status": "active",
        "photos": [
          "spots/vienna/high-flatbar-a63589-a52a6ede.webp"
        ]
      }
    },
    {
      "type": "Feature",
      "geometry": {
        "type": "Point",
        "coordinates": [
          16.3070196,
          48.2158842
        ]
      },
      "properties": {
        "id": "8-stair-e449af",
        "name": "8 Stair",
        "status": "active",
        "photos": [
          "spots/vienna/8-stair-e449af-b4a34f7d.webp"
        ]
      }
    },
    {
      "type": "Feature",
      "geometry": {
        "type": "Point",
        "coordinates": [
          16.3244534,
          48.190208
        ]
      },
      "properties": {
        "id": "schwarzer-adler-platz-8c4335",
        "name": "Schwarzer Adler Platz",
        "status": "active",
        "photos": [
          "spots/vienna/schwarzer-adler-platz-8c4335-1b6b3449.webp",
          "spots/vienna/schwarzer-adler-platz-8c4335-73bfe659.webp",
          "spots/vienna/schwarzer-adler-platz-8c4335-563328e7.webp",
          "spots/vienna/schwarzer-adler-platz-8c4335-9d6609e4.webp",
          "spots/vienna/schwarzer-adler-platz-8c4335-daa1f1b2.webp"
        ]
      }
    },
    {
      "type": "Feature",
      "geometry": {
        "type": "Point",
        "coordinates": [
          16.2866182,
          48.2126464
        ]
      },
      "properties": {
        "id": "high-9-stair-rail-280b37",
        "name": "High 9 Stair Rail",
        "status": "active",
        "photos": [
          "spots/vienna/high-9-stair-rail-280b37-c2fbae17.webp",
          "spots/vienna/high-9-stair-rail-280b37-63a2bb16.webp"
        ]
      }
    },
    {
      "type": "Feature",
      "geometry": {
        "type": "Point",
        "coordinates": [
          16.2927346,
          48.1945055
        ]
      },
      "properties": {
        "id": "10-stair-3452a2",
        "name": "10 Stair",
        "status": "active",
        "photos": [
          "spots/vienna/10-stair-3452a2-d74ee5e3.webp",
          "spots/vienna/10-stair-3452a2-3fafca0b.webp",
          "spots/vienna/10-stair-3452a2-286a1c3a.webp"
        ]
      }
    },
    {
      "type": "Feature",
      "geometry": {
        "type": "Point",
        "coordinates": [
          16.4068229,
          48.2309561
        ]
      },
      "properties": {
        "id": "pier-22-af7c8f",
        "name": "Pier 22",
        "status": "active",
        "photos": [
          "spots/vienna/pier-22-af7c8f-534925bf.webp",
          "spots/vienna/pier-22-af7c8f-d5accbe8.webp",
          "spots/vienna/pier-22-af7c8f-0a1cfb54.webp"
        ]
      }
    },
    {
      "type": "Feature",
      "geometry": {
        "type": "Point",
        "coordinates": [
          16.32593,
          48.188543
        ]
      },
      "properties": {
        "id": "blumenbeet-rail-090cc4",
        "name": "Blumenbeet Rail",
        "status": "active",
        "photos": [
          "spots/vienna/blumenbeet-rail-090cc4-a2a13883.webp",
          "spots/vienna/blumenbeet-rail-090cc4-be5537be.webp"
        ]
      }
    },
    {
      "type": "Feature",
      "geometry": {
        "type": "Point",
        "coordinates": [
          16.3059173,
          48.1958226
        ]
      },
      "properties": {
        "id": "curb-5b7636",
        "name": "Curb",
        "status": "active",
        "photos": [
          "spots/vienna/curb-5b7636-7e2f7a3f.webp",
          "spots/vienna/curb-5b7636-aed0b8d9.webp"
        ]
      }
    },
    {
      "type": "Feature",
      "geometry": {
        "type": "Point",
        "coordinates": [
          16.3328973,
          48.1855835
        ]
      },
      "properties": {
        "id": "5-stair-9e53cf",
        "name": "5 Stair",
        "status": "active",
        "photos": [
          "spots/vienna/5-stair-9e53cf-49787724.webp"
        ]
      }
    },
    {
      "type": "Feature",
      "geometry": {
        "type": "Point",
        "coordinates": [
          16.3397924,
          48.1983179
        ]
      },
      "properties": {
        "id": "stollgasse-e99598",
        "name": "Stollgasse",
        "status": "unclassified",
        "photos": [
          "spots/vienna/stollgasse-e99598-32b2d215.webp",
          "spots/vienna/stollgasse-e99598-c17bb77d.webp",
          "spots/vienna/stollgasse-e99598-ef364505.webp",
          "spots/vienna/stollgasse-e99598-a434002c.webp",
          "spots/vienna/stollgasse-e99598-e3b5aed6.webp",
          "spots/vienna/stollgasse-e99598-629bd75d.webp",
          "spots/vienna/stollgasse-e99598-faf2bbea.webp",
          "spots/vienna/stollgasse-e99598-616daf1c.webp"
        ]
      }
    },
    {
      "type": "Feature",
      "geometry": {
        "type": "Point",
        "coordinates": [
          16.3255421,
          48.1897421
        ]
      },
      "properties": {
        "id": "big-handrail-3ceff5",
        "name": "Big Handrail",
        "status": "unclassified",
        "photos": [
          "spots/vienna/big-handrail-3ceff5-b0fe23e7.webp",
          "spots/vienna/big-handrail-3ceff5-4098dff7.webp",
          "spots/vienna/big-handrail-3ceff5-6ced4e98.webp"
        ]
      }
    },
    {
      "type": "Feature",
      "geometry": {
        "type": "Point",
        "coordinates": [
          16.4096786,
          48.2322343
        ]
      },
      "properties": {
        "id": "big-handrail-22fca7",
        "name": "Big Handrail",
        "status": "unclassified",
        "photos": [
          "spots/vienna/big-handrail-22fca7-65c1e18e.webp"
        ]
      }
    },
    {
      "type": "Feature",
      "geometry": {
        "type": "Point",
        "coordinates": [
          16.4095499,
          48.2321561
        ]
      },
      "properties": {
        "id": "deathdrop-b60fec",
        "name": "Deathdrop",
        "status": "unclassified",
        "photos": [
          "spots/vienna/deathdrop-b60fec-23c617bf.webp",
          "spots/vienna/deathdrop-b60fec-77467cea.webp",
          "spots/vienna/deathdrop-b60fec-128b181d.webp"
        ]
      }
    },
    {
      "type": "Feature",
      "geometry": {
        "type": "Point",
        "coordinates": [
          16.4023667,
          48.2370976
        ]
      },
      "properties": {
        "id": "crust-curb-over-gap-174e17",
        "name": "Crust Curb over Gap",
        "status": "unclassified",
        "photos": [
          "spots/vienna/crust-curb-over-gap-174e17-c0335b96.webp",
          "spots/vienna/crust-curb-over-gap-174e17-12924c50.webp",
          "spots/vienna/crust-curb-over-gap-174e17-4061b5fb.webp"
        ]
      }
    },
    {
      "type": "Feature",
      "geometry": {
        "type": "Point",
        "coordinates": [
          16.4021434,
          48.2372008
        ]
      },
      "properties": {
        "id": "slappy-hubba-917eac",
        "name": "Slappy Hubba",
        "status": "unclassified",
        "photos": [
          "spots/vienna/slappy-hubba-917eac-9bcc916c.webp",
          "spots/vienna/slappy-hubba-917eac-dfd7a04d.webp"
        ]
      }
    },
    {
      "type": "Feature",
      "geometry": {
        "type": "Point",
        "coordinates": [
          16.4116412,
          48.212614
        ]
      },
      "properties": {
        "id": "neue-wu-garage-e0ad2d",
        "name": "Neue WU Garage",
        "status": "unclassified",
        "photos": [
          "spots/vienna/neue-wu-garage-e0ad2d-7f8a9ce5.webp",
          "spots/vienna/neue-wu-garage-e0ad2d-2ffa9630.webp",
          "spots/vienna/neue-wu-garage-e0ad2d-259dd83a.webp",
          "spots/vienna/neue-wu-garage-e0ad2d-ac855ce9.webp"
        ]
      }
    },
    {
      "type": "Feature",
      "geometry": {
        "type": "Point",
        "coordinates": [
          16.4188453,
          48.2104182
        ]
      },
      "properties": {
        "id": "manny-pad-909cb3",
        "name": "Manny Pad",
        "status": "unclassified",
        "photos": [
          "spots/vienna/manny-pad-909cb3-32e55a26.webp",
          "spots/vienna/manny-pad-909cb3-c1049c90.webp",
          "spots/vienna/manny-pad-909cb3-e0787c8c.webp",
          "spots/vienna/manny-pad-909cb3-40ca3c1c.webp",
          "spots/vienna/manny-pad-909cb3-f601272a.webp"
        ]
      }
    },
    {
      "type": "Feature",
      "geometry": {
        "type": "Point",
        "coordinates": [
          16.4186144,
          48.2097847
        ]
      },
      "properties": {
        "id": "wallride-c059f4",
        "name": "Wallride",
        "status": "unclassified",
        "photos": [
          "spots/vienna/wallride-c059f4-c748544c.webp",
          "spots/vienna/wallride-c059f4-a0c0809f.webp",
          "spots/vienna/wallride-c059f4-e22b9611.webp",
          "spots/vienna/wallride-c059f4-203e0ef5.webp"
        ]
      }
    },
    {
      "type": "Feature",
      "geometry": {
        "type": "Point",
        "coordinates": [
          16.390872,
          48.2306692
        ]
      },
      "properties": {
        "id": "alm-diy-r-i-p-e022ea",
        "name": "ALM DIY R.I.P",
        "status": "demolished",
        "photos": [
          "spots/vienna/alm-diy-r-i-p-e022ea-9b7f048b.webp",
          "spots/vienna/alm-diy-r-i-p-e022ea-831effad.webp",
          "spots/vienna/alm-diy-r-i-p-e022ea-6704bff1.webp"
        ]
      }
    },
    {
      "type": "Feature",
      "geometry": {
        "type": "Point",
        "coordinates": [
          16.3585755,
          48.2349053
        ]
      },
      "properties": {
        "id": "r-i-p-spittelau-a4c91a",
        "name": "R.I.P Spittelau",
        "status": "demolished",
        "photos": [
          "spots/vienna/r-i-p-spittelau-a4c91a-e44a709b.webp",
          "spots/vienna/r-i-p-spittelau-a4c91a-ee99d72b.webp",
          "spots/vienna/r-i-p-spittelau-a4c91a-db812e81.webp"
        ]
      }
    },
    {
      "type": "Feature",
      "geometry": {
        "type": "Point",
        "coordinates": [
          16.4014828,
          48.1858622
        ]
      },
      "properties": {
        "id": "st-marx-curbs-r-i-p-b09e6b",
        "name": "St. Marx Curbs R.I.P",
        "status": "demolished",
        "photos": []
      }
    },
    {
      "type": "Feature",
      "geometry": {
        "type": "Point",
        "coordinates": [
          16.3712542,
          48.2004694
        ]
      },
      "properties": {
        "id": "karlsplatz-curbs-rip-bde61b",
        "name": "Karlsplatz Curbs RIP",
        "status": "demolished",
        "photos": [
          "spots/vienna/karlsplatz-curbs-rip-bde61b-5bf32157.webp",
          "spots/vienna/karlsplatz-curbs-rip-bde61b-fe9333a9.webp"
        ]
      }
    },
    {
      "type": "Feature",
      "geometry": {
        "type": "Point",
        "coordinates": [
          16.3626337,
          48.1849913
        ]
      },
      "properties": {
        "id": "r-i-p-wiedner-strasse-curbs-22a9dc",
        "name": "R.I.P Wiedner Straße Curbs",
        "status": "demolished",
        "photos": [
          "spots/vienna/r-i-p-wiedner-strasse-curbs-22a9dc-0916720e.webp",
          "spots/vienna/r-i-p-wiedner-strasse-curbs-22a9dc-e40a166a.webp"
        ]
      }
    },
    {
      "type": "Feature",
      "geometry": {
        "type": "Point",
        "coordinates": [
          16.2520824,
          48.1999608
        ]
      },
      "properties": {
        "id": "huetteldorfer-rail-r-i-p-ca2fd8",
        "name": "Hütteldorfer Rail R.I.P",
        "status": "demolished",
        "photos": [
          "spots/vienna/huetteldorfer-rail-r-i-p-ca2fd8-18d08220.webp",
          "spots/vienna/huetteldorfer-rail-r-i-p-ca2fd8-d3a27a33.webp"
        ]
      }
    },
    {
      "type": "Feature",
      "geometry": {
        "type": "Point",
        "coordinates": [
          16.3487298,
          48.166938
        ]
      },
      "properties": {
        "id": "wienerberg-curb-r-i-p-3db880",
        "name": "Wienerberg Curb R.I.P",
        "status": "demolished",
        "photos": [
          "spots/vienna/wienerberg-curb-r-i-p-3db880-d155b820.webp",
          "spots/vienna/wienerberg-curb-r-i-p-3db880-e430d1b5.webp"
        ]
      }
    },
    {
      "type": "Feature",
      "geometry": {
        "type": "Point",
        "coordinates": [
          16.361487,
          48.1898067
        ]
      },
      "properties": {
        "id": "r-i-p-crusty-mittersteig-curb-3c9c7b",
        "name": "R.I.P Crusty Mittersteig Curb",
        "status": "demolished",
        "photos": [
          "spots/vienna/r-i-p-crusty-mittersteig-curb-3c9c7b-86bd060e.webp",
          "spots/vienna/r-i-p-crusty-mittersteig-curb-3c9c7b-6674e81a.webp",
          "spots/vienna/r-i-p-crusty-mittersteig-curb-3c9c7b-72915483.webp"
        ]
      }
    },
    {
      "type": "Feature",
      "geometry": {
        "type": "Point",
        "coordinates": [
          16.3604083,
          48.1982945
        ]
      },
      "properties": {
        "id": "r-i-p-wellenrail-460cb4",
        "name": "R.I.P. Wellenrail",
        "status": "demolished",
        "photos": [
          "spots/vienna/r-i-p-wellenrail-460cb4-e2476236.webp",
          "spots/vienna/r-i-p-wellenrail-460cb4-6e638ea4.webp",
          "spots/vienna/r-i-p-wellenrail-460cb4-65a56ace.webp"
        ]
      }
    },
    {
      "type": "Feature",
      "geometry": {
        "type": "Point",
        "coordinates": [
          16.504363,
          48.2236505
        ]
      },
      "properties": {
        "id": "r-i-p-seestadt-wood-curbs-549bc4",
        "name": "R.I.P Seestadt Wood Curbs",
        "status": "demolished",
        "photos": [
          "spots/vienna/r-i-p-seestadt-wood-curbs-549bc4-355e930c.webp",
          "spots/vienna/r-i-p-seestadt-wood-curbs-549bc4-a607d94e.webp",
          "spots/vienna/r-i-p-seestadt-wood-curbs-549bc4-3bd0ed49.webp"
        ]
      }
    },
    {
      "type": "Feature",
      "geometry": {
        "type": "Point",
        "coordinates": [
          16.3980722,
          48.1730945
        ]
      },
      "properties": {
        "id": "r-i-p-favoriten-stufencurb-17111f",
        "name": "R.I.P Favoriten Stufencurb",
        "status": "demolished",
        "photos": [
          "spots/vienna/r-i-p-favoriten-stufencurb-17111f-9b07b3fb.webp"
        ]
      }
    },
    {
      "type": "Feature",
      "geometry": {
        "type": "Point",
        "coordinates": [
          16.3741991,
          48.2139157
        ]
      },
      "properties": {
        "id": "r-i-p-schwedenplatz-bump-80f1b4",
        "name": "R.I.P Schwedenplatz Bump",
        "status": "demolished",
        "photos": [
          "spots/vienna/r-i-p-schwedenplatz-bump-80f1b4-f97c0412.webp",
          "spots/vienna/r-i-p-schwedenplatz-bump-80f1b4-dd32a22d.webp",
          "spots/vienna/r-i-p-schwedenplatz-bump-80f1b4-338a10df.webp"
        ]
      }
    },
    {
      "type": "Feature",
      "geometry": {
        "type": "Point",
        "coordinates": [
          16.4042594,
          48.2146314
        ]
      },
      "properties": {
        "id": "crusty-anticurb-c8c126",
        "name": "Crusty Anticurb",
        "status": "demolished",
        "photos": [
          "spots/vienna/crusty-anticurb-c8c126-a5f9aa00.webp",
          "spots/vienna/crusty-anticurb-c8c126-28dcf812.webp"
        ]
      }
    },
    {
      "type": "Feature",
      "geometry": {
        "type": "Point",
        "coordinates": [
          16.3403869,
          48.1956248
        ]
      },
      "properties": {
        "id": "westbahnhof-curb-r-i-p-69448f",
        "name": "Westbahnhof Curb R.I.P",
        "status": "demolished",
        "photos": [
          "spots/vienna/westbahnhof-curb-r-i-p-69448f-1bbf6a97.webp"
        ]
      }
    },
    {
      "type": "Feature",
      "geometry": {
        "type": "Point",
        "coordinates": [
          16.3671457,
          48.181647
        ]
      },
      "properties": {
        "id": "most-crustiest-rail-in-vienna-4606e1",
        "name": "Most crustiest Rail in Vienna",
        "status": "demolished",
        "photos": [
          "spots/vienna/most-crustiest-rail-in-vienna-4606e1-56a5518e.webp",
          "spots/vienna/most-crustiest-rail-in-vienna-4606e1-e72bcd3d.webp"
        ]
      }
    },
    {
      "type": "Feature",
      "geometry": {
        "type": "Point",
        "coordinates": [
          16.3268412,
          48.1829414
        ]
      },
      "properties": {
        "id": "heavy-bump-to-bump-f48ad2",
        "name": "Heavy Bump to Bump",
        "status": "demolished",
        "photos": [
          "spots/vienna/heavy-bump-to-bump-f48ad2-fe980785.webp",
          "spots/vienna/heavy-bump-to-bump-f48ad2-9b31713a.webp",
          "spots/vienna/heavy-bump-to-bump-f48ad2-1b486836.webp"
        ]
      }
    },
    {
      "type": "Feature",
      "geometry": {
        "type": "Point",
        "coordinates": [
          16.351047,
          48.1823562
        ]
      },
      "properties": {
        "id": "r-i-p-holzcurb-acbe09",
        "name": "R.I.P. Holzcurb",
        "status": "demolished",
        "photos": [
          "spots/vienna/r-i-p-holzcurb-acbe09-9d6b7122.webp",
          "spots/vienna/r-i-p-holzcurb-acbe09-f9b0fe74.webp",
          "spots/vienna/r-i-p-holzcurb-acbe09-cc79a6bd.webp"
        ]
      }
    },
    {
      "type": "Feature",
      "geometry": {
        "type": "Point",
        "coordinates": [
          16.358363,
          48.2051649
        ]
      },
      "properties": {
        "id": "ubahn-volkstheater-9er-6bbc05",
        "name": "Ubahn Volkstheater 9er",
        "status": "demolished",
        "photos": [
          "spots/vienna/ubahn-volkstheater-9er-6bbc05-6d4eb394.webp",
          "spots/vienna/ubahn-volkstheater-9er-6bbc05-840baca6.webp"
        ]
      }
    },
    {
      "type": "Feature",
      "geometry": {
        "type": "Point",
        "coordinates": [
          16.3778959,
          48.203729
        ]
      },
      "properties": {
        "id": "r-i-p-stadtpark-8-stair-f58102",
        "name": "R.I.P. Stadtpark 8 Stair",
        "status": "demolished",
        "photos": [
          "spots/vienna/r-i-p-stadtpark-8-stair-f58102-13a1aa99.webp",
          "spots/vienna/r-i-p-stadtpark-8-stair-f58102-1ce38649.webp",
          "spots/vienna/r-i-p-stadtpark-8-stair-f58102-da1f9005.webp",
          "spots/vienna/r-i-p-stadtpark-8-stair-f58102-2bf969e7.webp"
        ]
      }
    }
  ]
}
